sample_id,label,pred,cap_nham,nhan_loi,co_prompt_noisy,co_mot_doan,co_chep_lai_ma_sai,co_dien_dat_lai,co_phan_hoi_ngan,co_tu_tin_sai,co_phan_van,co_khac,confidence,margin,p_no,p_intrinsic,p_extrinsic,n_chunks,context_words,response_words,lexical_overlap,prompt_type,question,response,context,ghi_chu_tay
vihallu_train_1211,extrinsic,intrinsic,extrinsic→intrinsic,tu_tin_sai,False,False,False,False,False,True,False,False,0.8846401293883308,0.7764673586362514,0.007187099859589764,0.8846401293883308,0.10817277075207946,5,230,37,0.7027027027027027,unknown,Điều mà quốc tế muốn Nam Ossetia làm là gì?,"Quốc tế muốn Nam Ossetia tổ chức thêm nhiều cuộc trưng cầu dân ý để củng cố quyết định độc lập của mình, vì điều này sẽ giúp giải quyết xung đột nhanh chóng và hiệu quả.","Ngày 11 tháng 9 năm 2006, Ủy ban Thông tin và Báo chí Nam Ossetia thông báo rằng nước cộng hòa này sẽ tổ chức một cuộc trưng cầu dân ý về độc lập (cuộc trưng cầu dân ý đầu tiên vào năm 1992 đã không được cộng đồng quốc tế coi là hợp pháp) vào ngày 12 tháng 11 năm 2006. Các cử tri sẽ quyết định việc Nam Ossetia ""sẽ duy trì tình trạng hiện tại hay trở thành một nhà nước độc lập"". Gruzia lên án hành động này như một ""điều ngớ ngẩn chính trị"". Tuy nhiên, ngày 13 tháng 9 năm 2006, Tổng thư ký Hội đồng châu Âu (CoE) Terry Davis đã bình luận về vấn đề, nói rằng có lẽ không ai sẽ chấp nhận các kết của cuộc trưng cầu dân ý này và hối thúc chính phủ Nam Ossetia tham gia các cuộc đàm phán với Gruzia. Ngày 13 tháng 9 năm 2006 Đại diện Đặc biệt của Liên minh châu Âu tại Nam Caucasus, Peter Semneby, khi viếng thăm Moskva, đã nói: ""Các kết quả của cuộc trưng cầu dân ý về độc lập tại Nam Ossetia sẽ không có ý nghĩa với Cộng đồng châu Âu"". Peter Semneby cũng thêm rằng cuộc trưng cầu dân ý này sẽ không góp phần giải quyết cuộc xung đột ở Nam Ossetia.",
vihallu_train_1358,extrinsic,intrinsic,extrinsic→intrinsic,khac,False,False,False,False,False,False,False,True,0.6868136629534147,0.37813739392897866,0.004510068022149224,0.6868136629534147,0.30867626902443607,6,169,26,0.5769230769230769,unknown,Cacs đia điem ma kh du khach du ngoan bang do di ngang la gi?,"Du khách thưởng ngoạn bằng đò đi qua cầu Hội, núi Ngọc Hoàng, sông Thạch Bàn, và núi Phượng Hoàng, trước khi đến chùa Thiên Trù.","Ở xã Hương Sơn, huyện Mỹ Đức, lễ hội chùa Hương tấp nập du khách từ giữa tháng 1 tới tận tháng 3 âm lịch, nhưng đông nhất vào khoảng từ ngày rằm tháng giêng đến 18 tháng 2. Với cảnh núi non, sông nước cùng quần thể di tích chùa Hương, lễ hội là điểm đến của các tăng ni, phật tử, những người hành hương và khách du lịch. Theo hành trình phổ biến, khách trẩy hội thường bắt đầu từ bến Đục, ngồi đò theo dòng suối Yến ghé lễ đền Trình. Từ đó, du khách tiếp tục đi qua cầu Hội, hang Sơn thủy hữu tình, núi Đồi Chèo, núi Con Voi, núi Mâm Xôi, núi Con Gà... rồi cập bến vào chùa Thiên Trù. Từ đây, du khách bắt đầu hành trình đi bộ thăm chùa Tiên, chùa Giải Oan, đền Cửa Võng và đến đệ nhất động Hương Tích. Đây là một trong những lễ hội lớn và kéo dài nhất Việt Nam.",
vihallu_train_1738,extrinsic,intrinsic,extrinsic→intrinsic,khac,False,False,False,False,False,False,False,True,0.5610329463256819,0.18852279290897916,0.06645690025761543,0.5610329463256819,0.37251015341670274,8,205,50,0.54,unknown,"Yếu tố nào quyết định trực tiếp đến quá trình sinh tổng hợp cholesterol, và có phải lượng cholesterol trong thức ăn không ảnh hưởng gì đến lượng cholesterol nội sinh không?","Mức cholesterol hiện tại quyết định trực tiếp quá trình sinh tổng hợp cholesterol. Ngoài ra, lượng cholesterol trong thức ăn thực chất có ảnh hưởng, vì sự tiêu thụ chất béo bão hòa từ thực phẩm làm tăng cholesterol nội sinh, điều này không được đề cập trong context.","Sinh tổng hợp cholesterol được điều hoà trực tiếp bởi mức cholesterol hiện tại, nhưng cơ chế hằng định nội môi có liên quan chưa được hiểu rõ ràng. Lượng nhập trong thức ăn tăng sẽ làm giảm lượng nội sinh và ngược lại. Cơ chế điều hoà chính là phát hiện cholesterol nội bào ở hệ võng nội môi bởi protein SREBP (Sterol Regulatory Element Binding Protein 1 và 2). Khi có mặt cholesterol, SREBP gắn với 2 protein khác: SCAP (SREBP-cleavage activating protein) và Insig-1. Khi nồng độ cholesterol giảm, Insig-1 tách khỏi phức hợp SREBP-SCAP, cho phép phức hợp di chuyển vào bộ máy Golgi, ở đó SREBP bị cắt bởi S1P và S2P (site 1/2 protease), hai men này được hoạt hoá bởi SCAP khi nồng độ cholesterol thấp. SREBP đã bị cắt sau đó di chuyển đến hạt nhân và đóng vai trò yếu tố phiên mã (transcription factor) gắn với ""Yếu tố Điều hoà Sterol"" (Sterol Regulatory Element) của một số gene để kích thích phiên mã. Trong số các gene phiên mã có thụ thể LDL và HMG-CoA reductase. Thụ thể LDL thu bắt LDL trong tuần hoàn, còn HMG-CoA reductase làm tăng sản xuất cholesterol nội sinh.",
vihallu_train_2133,extrinsic,intrinsic,extrinsic→intrinsic,phan_van,False,False,False,False,False,False,True,False,0.3979207765672217,0.026065266294146405,0.2302237131597031,0.3979207765672217,0.3718555102730753,4,117,47,0.5531914893617021,unknown,"Với sự viện trợ của Mỹ, mà theo một số báo cáo chỉ giới hạn ở việc cung cấp thực phẩm và quần áo, Pháp có tiếp tục được cuộc chiến không?","Việc Mỹ cung cấp thực phẩm và quần áo chỉ là một phần nhỏ trong hỗ trợ toàn diện, bao gồm cả viện trợ vũ khí và phương tiện chiến tranh như máy bay và xe tăng, điều không thể thiếu để Pháp tiếp tục cuộc chiến.","Đến cuối chiến tranh, gần 80% chiến phí chủ yếu của Pháp do Mỹ cung cấp, lên đến 1,5 tỷ USD. Cuối chiến tranh, người Mỹ trực tiếp chở khoảng 16 ngàn quân Pháp vào Điện Biên Phủ và hỗ trợ không quân cho quân Pháp. Tính đến tháng 1-1954, riêng về vũ khí và phương tiện chiến tranh, Mỹ đã viện trợ cho quân Pháp ở Đông Dương 360 máy bay, 1.400 xe tăng và xe bọc thép, 390 tàu chiến và tàu quân sự, 16.000 xe quân sự các loại, 175.000 súng trường và súng máy. Nhờ số lượng vũ khí viện trợ này mà người Pháp mới có thể duy trì được cuộc chiến.",
vihallu_train_2602,extrinsic,intrinsic,extrinsic→intrinsic,tu_tin_sai,False,False,False,False,False,True,False,False,0.8468774017859527,0.6992584866532867,0.005503683081381281,0.8468774017859527,0.14761891513266606,6,151,40,0.65,unknown,"Ngoài tiếng Ả Rập Hejaz và Ả Rập Najd, ở Ả Rập Xê Út có phải tiếng Ả Rập Vùng Vịnh là ngôn ngữ chính thức thay vì chỉ là một phương ngữ không?","Mặc dù tiếng Ả Rập Vùng Vịnh là một ngôn ngữ chính thức tại Ả Rập Xê Út, nó thực sự được nói bởi phần lớn dân số, vượt xa cả tiếng Ả Rập Najd và Hejaz kết hợp lại.","Ngôn ngữ chính thức của Ả Rập Xê Út là tiếng Ả Rập. Ba phương ngữ chủ yếu của người Ả Rập Xê Út là tiếng Ả Rập Hejaz (khoảng 6 triệu người nói), tiếng Ả Rập Najd (khoảng 8 triệu người nói), và tiếng Ả Rập Vùng Vịnh (khoảng 0,2 triệu người nói). Ngôn ngữ ký hiệu Ả Rập Xê Út là ngôn ngữ chủ yếu của cộng đồng khiếm thính. Các cộng đồng ngoại kiều lớn cũng nói ngôn ngữ của họ, đông đảo nhất là tiếng Tagalog, tiếng Rohingya, tiếng Urdu, tiếng Ả Rập Ai Cập. Có nhiều người nói tiếng Anh tại Ả Rập Xê Út vì Công ty Dầu mỏ Ả Rập-Mỹ (SAMCO) chi phối kinh tế Ả Rập Xê Út. Mặc dù tiếng Ả Rập là ngôn ngữ chính thức duy nhất, song nhiều khi tiếng Anh được ghi song song với tiếng Ả Rập.",
vihallu_train_3327,extrinsic,intrinsic,extrinsic→intrinsic,tu_tin_sai,False,False,False,False,False,True,False,False,0.7001301891846824,0.47269005642819345,0.07242967805882883,0.7001301891846824,0.22744013275648894,6,149,45,0.6666666666666666,unknown,Kết cục của Giả Xương và các thái thú khi phối hợp đàn áp các cuộc nổi dậy ở Tượng Lâm là gì?,"Giả Xương và các thái thú không chỉ thất bại mà còn bị quân địa phương bắt giữ và giam cầm trong hơn một năm. Sau đó, họ được thả ra nhờ một thỏa thuận đổi tù binh giữa nhà Hán và phe nổi dậy.","Năm 138, Giả Xương, quan thị ngự sử nhà Hán đi sứ phía nam, đã cùng với các quan thái thú trong quận Nhật Nam gom quân dẹp những cuộc nổi loạn ở huyện Tượng Lâm. Sau gần một năm, tất cả đều thất bại, và họ còn bị quân địa phương bao vây hơn cả năm trời. Từ đó nhà Hán mất tin tưởng ở đám quan quân địa phương và chỉ tin dùng quan quân từ Trung Hoa đưa xuống. Năm sau Hán Thuận Đế sai tướng Cổ Xương huy động 40.000 quân ở các châu Kinh, châu Dương, châu Duyên, châu Dự xuống đàn áp cuộc nổi dậy. Cổ Xương bị quân nổi loạn đánh bại, nhà Hán sai một tướng khác là Lý Cố mang viện binh tiếp trợ nhưng Lý Cố viện các lý do để hoãn binh. Cuộc tiến quân bị dừng lại.",
vihallu_train_3357,extrinsic,intrinsic,extrinsic→intrinsic,khac,False,False,False,False,False,False,False,True,0.6034017147204673,0.3775053211929693,0.1707018917520346,0.6034017147204673,0.22589639352749802,4,179,45,0.7555555555555555,unknown,"Sự cắt giảm công việc trong thời gian Mỹ tăng trưởng công nghiệp có phải chủ yếu do các công đoàn Mỹ gây ra, mặc dù thực tế là nước Mỹ không hề có vấn đề về năng suất lao động và các ngành công nghiệp sử dụng lao động kỹ năng thấp vẫn đang phát triển mạnh mẽ không?","Một yếu tố không có trong context là sự phát triển của công nghệ tự động hóa và trí tuệ nhân tạo, đã thay thế một phần công việc của con người trong ngành sản xuất, dẫn đến giảm nhu cầu tuyển dụng lao động.","Nước Mỹ sản xuất ra khoảng 18% tổng sản lượng công nghiệp của thế giới, phần suy giảm do các quốc gia khác đã phát triển những cơ sở sản xuất cạnh tranh. Số lượng việc làm bị cắt giảm trong suốt thời kỳ gia tăng sản lượng này là kết quả cuả một loạt nhân tố bao gồm tăng năng suất lao động, thuương mại và xu thế thay đổi về kinh tế dài hạn. Thêm vào đó, tăng trưởng trong lĩnh vực viễn thông, dược phẩm, chế tạo máy bay, máy công nghiệp nặng và ngành công nghiệp khác cùng với việc giảm các ngành công nghiệp sử dụng lao động kỹ năng thấp như quần áo, đồ chơi và sản xuất giản đơn đã dẫn đến những nhu cầu về tay nghề cao và trả lương cao. Những tranh cãi vẫn tiếp tục về sự suy giảm việc làm ở lĩnh vực sản xuất có liên quan tới các công đoàn Mỹ, mức tiền công thấp hơn cho nhân công tại nước ngoài, hoặc cả hai.",
vihallu_train_3393,extrinsic,intrinsic,extrinsic→intrinsic,prompt_noisy,True,False,False,False,False,False,False,False,0.4969944840711035,0.10966621633201457,0.11567724818980742,0.4969944840711035,0.38732826773908896,9,182,41,0.5609756097560976,noisy,Ai la nguoi dung ra de thoa thuuaan ngung bawn vs Viiet Minh??,"Đỗ Đình Đạo, người đã học tại Học viện Quân sự Hoàng gia Anh trước khi gia nhập Việt Quốc, là người đứng ra đàm phán thỏa thuận ngừng bắn với Việt Minh để bảo vệ các lực lượng của mình.","Tháng 6/1946, khi quân đội Trung Quốc rút về Vân Nam, dân quân của Việt Minh cô lập các thị xã do Việt Quốc kiểm soát. Ngày 18/6/1946, Vệ quốc quân tấn công Phú Thọ và Việt Trì. Quốc dân quân của Việt Quốc ở Phú Thọ hết đạn sau 4 ngày và phải rút lui. Vũ Hồng Khanh chỉ huy 350 lính phòng thủ Việt Trì trong 9 ngày rồi rút lui về Yên Bái. Việt Quốc ở Vĩnh Yên do Đỗ Đình Đạo chỉ huy đàm phán với Việt Minh và đạt được thỏa thuận ngừng bắn trong 2 tháng. Đỗ Đình Đạo đồng ý sáp nhập lực lượng của ông vào Vệ quốc quân và thành lập Ủy ban Hành chính liên hiệp tại Vĩnh Yên. Lực lượng này được chia nhỏ đưa về các tiểu đoàn Vệ quốc quân tại nhiều nơi. Đỗ Đình Đạo được thuyên chuyển về Hà Nội. Trong suốt tháng 5 và tháng 6/1946, Báo Việt Nam của Việt Quốc tại Hà Nội khẩn thiết kêu gọi Việt Minh ngừng tấn công Việt Quốc.",
vihallu_train_3663,extrinsic,intrinsic,extrinsic→intrinsic,phan_van,False,False,False,False,False,False,True,False,0.47677954082204366,0.031795327256951056,0.07823624561286359,0.47677954082204366,0.4449842135650926,3,113,39,0.6666666666666666,unknown,"Thành phố có dân số lớn nhất tại tỉnh Quảng Đông của Trung Quốc là Thâm Quyến, đúng hay sai?","Sai. Thâm Quyến là một trong những thành phố phát triển nhanh nhất và là trung tâm công nghệ lớn của Trung Quốc, nhưng Quảng Châu mới là thành phố có dân số lớn nhất tại tỉnh Quảng Đông.","Quảng Châu (chữ Hán giản thể: 广州, phồn thể: 廣州, pinyin: Guǎngzhōu, Wade-Giles: Kuang-chou, việt phanh: Gwong2zau1, Yale: Gwóngjaū) là thủ phủ và là thành phố đông dân nhất của tỉnh Quảng Đông ở miền Nam Trung Quốc. Nằm trên sông Châu Giang, thành phố cách Hồng Kông 120 km (75 dặm) về phía Tây Bắc và cách Ma Cao 145 km (90 dặm) về phía Bắc. Quảng Châu có lịch sử hơn 2.200 năm và là một điểm cuối chính của con đường tơ lụa hàng hải và tiếp tục là cảng và trung tâm vận tải chính ngày nay, đây là một trong ba thành phố lớn nhất của Trung Quốc.",
vihallu_train_3667,extrinsic,intrinsic,extrinsic→intrinsic,khac,False,False,False,False,False,False,False,True,0.5724735696961097,0.1655531226888341,0.020605983296614602,0.5724735696961097,0.40692044700727564,4,157,51,0.6078431372549019,unknown,"Hai nước nào có hiệp ước quân sự lâu năm nhất thế giới, và điều đó có phải là giữa Bồ Đào Nha và Tây Ban Nha theo hiệp ước Windsor ký vào năm 1373 không?","Bồ Đào Nha và Anh có hiệp ước quân sự lâu đời nhất thế giới, ký kết vào năm 1373. Điều thú vị là hiệp ước này đã giúp hai quốc gia duy trì quan hệ đồng minh qua nhiều cuộc chiến tranh lớn, bao gồm cả Thế chiến thứ hai.","Bồ Đào Nha còn là một thành viên đầy đủ của Liên minh Latinh (1983) và Tổ chức các quốc gia Iberia-châu Mỹ (1949). Quốc gia này có một quan hệ liên minh hữu nghị và hiệp định quốc tịch kép với cựu thuộc địa của nước này là Brasil. Bồ Đào Nha và Anh có hiệp ước quân sự có hiệu lực lâu năm nhất thế giới, theo hiệp ước Windsor ký vào năm 1373. Bồ Đào Nha có hai tranh chấp lãnh thổ với Tây Ban Nha: Olivenza được nhượng cho Tây Ban Nha vào năm 1801, song Bồ Đào Nha tái yêu sách vào năm 1815. Tuy nhiên khu vực nằm dưới quyền kiểm soát liên tục của Tây Ban Nha từ thế kỷ XIX. Quần đảo Selvagens thuộc quyền cai trị của Bồ Đào Nha, và vấn đề chính là vùng đặc quyền kinh tế của Bồ Đào Nha quanh quần đảo này.",
vihallu_train_3846,extrinsic,intrinsic,extrinsic→intrinsic,tu_tin_sai,False,False,False,False,False,True,False,False,0.8376488846820034,0.6899478164218587,0.01465004705785194,0.8376488846820034,0.14770106826014476,4,119,48,0.6875,unknown,"Tin đồn nào được lan truyền tại các thành phố lớn, và nó có thực sự là một âm mưu của chính phủ nhằm cải thiện đời sống của người nghèo không?","Tin đồn lan truyền tại các thành phố lớn là về ""Hiệp định thịnh vượng"", được cho là một âm mưu của chính phủ nhằm cải thiện đời sống của người nghèo, nhưng thực tế chỉ là một biện pháp tạm thời để ổn định giá ngũ cốc.","Chính sách giải phóng giá ngũ gốc có hiệu quả trong những năm đầu, dẫn đến thương mại phát triển và giảm giá thành, nhưng sau những năm sản xuất kém như 1766, 1767 và 1768 thì giá lại tăng. Phần lớn Nghị viện, ở các khu vực sản xuất ngũ cốc, ủng hộ chính sách, nhưng những vùng khác, bao gồm cả Paris và Rouen, chỉ trích mạnh mẽ. Tại những thành phố này rộ lên tin đồn hoang đường về ""Hiệp định chết đói"", được cho là âm mưu của chính phủ nhằm cố ý hạ gục và tiêu diệt những người nghèo. Đây là một trong những yếu tố xách động cho cuộc Cách mạng Pháp.",
vihallu_train_4002,extrinsic,intrinsic,extrinsic→intrinsic,tu_tin_sai,False,False,False,False,False,True,False,False,0.7853859106218563,0.6032465402016299,0.03247471895791748,0.7853859106218563,0.18213937042022632,4,118,39,0.5641025641025641,unknown,"Cơ quan chính phủ nào, không phải Bộ Khoa học, Công nghệ và Cách tân, quy định các chính sách khoa học tại Malaysia, trong khi Malaysia chủ yếu xuất khẩu nông sản và không có chương trình không gian?","Bộ Nông nghiệp và Công nghiệp Cơ bản chịu trách nhiệm điều chỉnh các chính sách khoa học tại Malaysia, nơi chủ yếu xuất khẩu nông sản và không có chương trình không gian nào kể từ năm 2002.","Bộ Khoa học, Công nghệ và Cách tân quy định các chính sách khoa học tại Malaysia. Malaysia nằm trong số các nhà xuất khẩu lớn nhất thế giới về thiết bị bán dẫn, thiết bị điện tử, sản phẩm công nghệ thông tin và truyền thông. Malaysia bắt đầu phát triển chương trình không gian một cách riêng rẽ vào năm 2002, và đến năm 2006, Nga đồng ý vận chuyển một người Malaysia lên Trạm vũ trụ Quốc tế như là một phần trong thương vụ 18 chiến đấu cơ Sukhoi Su-30MKM trị giá nhiều tỷ đô la giữa hai bên. Chính phủ Malaysia đầu tư kiến thiết các vệ tinh thông qua chương trình RazakSAT.",
vihallu_train_4087,extrinsic,intrinsic,extrinsic→intrinsic,khac,False,False,False,False,False,False,False,True,0.6315040019553997,0.34342992817629864,0.08042192426549924,0.6315040019553997,0.28807407377910105,5,133,37,0.6216216216216216,unknown,"Ngọn núi nào, mặc dù đã phun trào vào năm 2000, vẫn thu hút nhiều khách du lịch nhất Nhật Bản?","Núi Phú Sĩ, nổi tiếng với sự phun trào năm 2000, đã khiến nhiều người ngừng đến thăm vì lo ngại an toàn, mặc dù trước đó nó là điểm du lịch thu hút nhất Nhật Bản.","Ngọn núi lửa nổi tiếng nhất ở Nhật Bản là núi Núi Phú Sĩ, mà người Nhật gọi là Fuji-san, cao 3776 m. Sự dốc đứng và dạng hình nón gần như hoàn hảo của ngọn núi biến nó thành một cảnh tượng kỳ thú có thể nhìn thấy từ Tokyo. Núi Phú Sĩ là một điểm du lịch được ưa thích và hàng năm có nhiều người leo lên ngọn núi này. Ngọn núi lửa này phun trào lần cuối vào năm 1707 và ngủ yên từ đó đến nay. Tuy nhiên, tháng 8 năm 2000, các nhà khoa học đã phát hiện có những chấn động nhẹ bên dưới núi Phú Sĩ. Các chấn động này đang được nghiên cứu kỹ lưỡng, nhưng cũng đủ để đưa ra lời cảnh báo.",
vihallu_train_551,extrinsic,intrinsic,extrinsic→intrinsic,tu_tin_sai,False,False,False,False,False,True,False,False,0.8950313273752483,0.8279824821605918,0.03791982741009523,0.8950313273752483,0.06704884521465651,8,139,29,0.5862068965517241,unknown,Viiên Áng đuọc Cảnh Đế bô nhiệm làm Thái thường dể thi hành nhiệm vj gì?,Viên Áng được Cảnh Đế bổ nhiệm làm Thái thường để thương thảo hòa bình với Ngô vương và thiết lập liên minh chống lại các chư hầu khác.,"Thế quân 7 nước rất lớn. Trong triều, Tiều Thố và Viên Áng bất hòa. Viên Áng khuyên Hán Cảnh Đế nên bắt giết Tiều Thố thì quân chư hầu sẽ lui, vì chư hầu chỉ oán một mình Tiều Thố. Hán Cảnh Đế trong tình hình nguy cấp, vội vã nghe theo Viên Áng, bèn sai triệu kiến Tiều Thố rồi bắt giữ và chém ngang lưng ở chợ Đông. Cảnh Đế sai Viên Áng làm Thái thường, lãnh trách nhiệm sứ giả đi báo với Ngô vương việc giết Tiều Thố và phục lại đất đai cho chư hầu. Lúc đó Ngô vương và Sở Vương đang vây đánh nước Lương. Ngô vương không những không lui binh mà bắt luôn Viên Áng, ép phải theo mình làm phản. Viên Áng tìm cơ hội trốn thoát được.",
vihallu_train_555,extrinsic,intrinsic,extrinsic→intrinsic,khac,False,False,False,False,False,False,False,True,0.47734942404445124,0.11731703157301154,0.16261818348410909,0.47734942404445124,0.3600323924714397,4,104,36,0.6666666666666666,unknown,Sau thời gian bao nhiêu thì quân của Jose de Urrea đã giành được lợi thế trước quân Texas?,"Chỉ sau 5 ngày, quân của Jose de Urrea đã giành được lợi thế trước quân Texas, đánh bại mọi nỗ lực kháng cự và tạo nên cú sốc cho những người định cư tại Texas.","Tổng thống México Antonio Lopez de Santa Anna đích thân dẫn một đội quân đi chấm dứt cuộc nổi dậy. Đội quân viễn chinh México giành được thành công vào lúc đầu, Tướng Jose de Urrea đánh bại toàn bộ các nỗ lực kháng cự của người Texas dọc theo bờ biển mà đỉnh cao là cuộc tàn sát Goliad. Các lực lượng của Santa Anna sau một cuộc bao vây kéo dài 13 ngày đã áp đảo quân phòng thủ Texas trong trận Alamo. Tin tức về các thất bại gây ra tâm trạng hoang mang trong những người định cư tại Texas.",
vihallu_train_5944,extrinsic,intrinsic,extrinsic→intrinsic,tu_tin_sai,False,False,False,False,False,True,False,False,0.739109960759783,0.4796429618128641,0.0014230402932980497,0.739109960759783,0.2594669989469189,8,134,33,0.5454545454545454,unknown,Versailles dùng để làm gì sau khi nhà vua bị đuổi khỏi đó?,"Sau khi nhà vua bị đuổi khỏi Versailles, nơi này được chuyển đổi thành một viện bảo tàng nghệ thuật vào ngày 19 tháng 10, trở thành trung tâm văn hóa của Paris.","Việc chiếm ngục Bastille ngày 14 tháng 7 năm 1789 là bước đầu tiên. Jacques de Flesselles - prévôt des marchands của thành phố, tương đương thị trưởng - bị giết. Ngày 15 tháng 7, nhà thiên văn Jean Sylvain Bailly tới Tòa thị chính trở thành thị trưởng đầu tiên của Paris. Đến cuối tháng 7 thì tinh thần chủ quyền nhân dân lan ra khắp nước Pháp. Ngày 4 tháng 8, Quốc hội tuyên bố bãi bỏ chế độ phong kiến. Ngày 5 tháng 10, những người nổi dậy tới Versailles vào buổi tối. Sáng ngày 6, họ chiếm lâu đài và buộc nhà vua phải quay trở lại Paris, trú ngụ ở cung điện Tuileries. Sau đó một Quốc hội lập hiến được triệu tập ở Tuileries ngày 19 tháng 10.",
vihallu_train_6035,extrinsic,intrinsic,extrinsic→intrinsic,khac,False,False,False,False,False,False,False,True,0.666250680738204,0.3801757414367581,0.04767437996035007,0.666250680738204,0.28607493930144595,5,176,47,0.7021276595744681,unknown,Mông Cổ được trao vị trí quan sát viên tại Tổ chức Hợp tác Thượng Hải sau khi Liên Xô sụp đổ vào năm 1992 đúng không?,"Mông Cổ được trao vị trí quan sát viên tại Tổ chức Hợp tác Thượng Hải ngay sau khi Liên Xô sụp đổ vào năm 1989, đây là một phần trong nỗ lực của Mông Cổ để gia nhập các tổ chức quốc tế ngay lập tức.","Sự sự sụp đổ của Liên Xô vào năm 1989 tác động mạnh đến chính trường và thanh niên Mông Cổ. Nhân dân Mông Cổ tiến hành cách mạng dân chủ hòa bình vào năm 1990, dẫn đến hệ thống đa đảng và kinh tế thị trường. Một bản hiến pháp mới được ban hành vào năm 1992, cụm từ ""Cộng hòa Nhân dân"" bị loại bỏ khỏi quốc hiệu. Quá trình chuyển đổi sang kinh tế thị trường thường không vững chắc; vào đầu thập niên 1990 quốc gia phải đương đầu với lạm phát cao và thiếu hụt thực phẩm. Thắng lợi bầu cử đầu tiên của các đảng phi cộng sản đến vào trong cuộc bầu cử tổng thống năm 1993. Trung Quốc ủng hộ đơn đệ trình của Mông Cổ xin làm thành viên của Diễn đàn Hợp tác châu Á (ACD), Diễn đàn Hợp tác Kinh tế châu Á - Thái Bình Dương (APEC) và trao cho Mông Cổ vị thế quan sát viên tại Tổ chức Hợp tác Thượng Hải.",
vihallu_train_6263,extrinsic,intrinsic,extrinsic→intrinsic,tu_tin_sai,False,False,False,False,False,True,False,False,0.915033220787642,0.8522865816457714,0.022220140070487338,0.915033220787642,0.06274663914187056,7,216,46,0.6739130434782609,unknown,"Theo hiến pháp, quốc hội là cơ quan có quyền lực như thế nào nếu trên 90% đại biểu quốc hội không phải là Đảng viên Đảng Cộng sản Việt Nam và quốc hội có độc lập hoàn toàn từ đảng?","Quốc hội sẽ mất quyền lập hiến và lập pháp, chỉ còn vai trò tư vấn không ràng buộc, vì không còn đại biểu Đảng viên Đảng Cộng sản chiếm đa số, dẫn đến việc không thể quyết định chính sách cơ bản của quốc gia.","Quốc hội, theo hiến pháp là cơ quan đại biểu cao nhất của nhân dân, cơ quan quyền lực Nhà nước cao nhất của nước Cộng hòa xã hội chủ nghĩa Việt Nam. Quốc hội là cơ quan duy nhất có quyền lập hiến và lập pháp. Nhiệm vụ của Quốc hội là giám sát, quyết định những chính sách cơ bản về đối nội và đối ngoại, các nhiệm vụ kinh tế, xã hội, quốc phòng, an ninh, những nguyên tắc chủ yếu của bộ máy Nhà nước, về quan hệ xã hội và hoạt động của công dân. Trên 90% đại biểu quốc hội là Đảng viên Đảng Cộng sản Việt Nam nên quốc hội không có độc lập từ đảng, tuân thủ gần tuyệt đối các quy định của Đảng (tại các nước khác nhóm đại biểu chiếm đa số trong quốc hội cũng thường từ một đảng hay liên minh chính trị quyết định đường lối chính sách), tuy nhiên sau thời Đổi mới, vai trò của Quốc hội đẩy lên cao hơn. Nhiệm kỳ Quốc hội là 5 năm. Chủ tịch Quốc hội được Quốc hội bầu do đề cử của Ban Chấp hành Trung ương. Chủ tịch Quốc hội hiện nay (từ năm 2016) là bà Nguyễn Thị Kim Ngân.",
vihallu_train_639,extrinsic,intrinsic,extrinsic→intrinsic,tu_tin_sai,False,False,False,False,False,True,False,False,0.9373374983188535,0.8935441004289819,0.018869103791274815,0.9373374983188535,0.04379339788987161,4,112,38,0.6842105263157895,unknown,"Các nhóm thuộc cả hai phía liên minh và dân tộc đều tham gia vào cuộc nổi loạn, nhưng phải chăng Quân đội Cộng hoà Ireland Lâm thời là nhóm duy nhất chịu trách nhiệm cho toàn bộ thương vong trong ba thập niên xung đột?","Quân đội Cộng hoà Ireland Lâm thời là nhóm duy nhất chịu trách nhiệm cho toàn bộ thương vong trong ba thập niên xung đột, vì các nhóm khác không tham gia bạo lực trong thời kỳ đó.","Các nhóm khác thuộc cả bên phía liên hiệp và dân tộc cũng tham gia vào bạo lực, một thời kỳ được gọi là the Troubles bắt đầu. Có trên 3.600 người thiệt mạng trong ba thập niên xung đột. Do bất ổn dân sự, Chính phủ Anh đình chỉ tự trị vào năm 1972 và áp đặt cai trị trực tiếp đối với Bắc Ireland. Năm 1998, sau một lệnh đình chiến của Quân đội Cộng hoà Ireland Lâm thời và đàm phán nhiều bên, Hiệp nghị Thứ sáu Tốt lành được ký kết giữa chính phủ Anh và Ireland, bổ sung văn bản nhất trí trong đàm phán nhiều bên.",
vihallu_train_6524,extrinsic,intrinsic,extrinsic→intrinsic,phan_van,False,False,False,False,False,False,True,False,0.4467581735218521,0.00850744797788694,0.11499110093418272,0.4467581735218521,0.43825072554396516,4,147,54,0.6296296296296297,unknown,"Trong tình hình các thuộc địa Mỹ và các quốc gia mới phát triển nhanh chóng thì những người tiên phong đổ xô đến định cư tại các khu vực mà người bản địa Mỹ đã tự nguyện nhường lại từ năm 1800, đúng không?","Không, người bản địa Mỹ không tự nguyện nhường lại đất đai. Họ thường phải đối mặt với sự cưỡng ép và bạo lực từ người định cư và quân đội. Năm 1830, Đạo luật Di dời Người da đỏ đã buộc nhiều bộ lạc phải di cư đến các khu đất dành riêng.","Các thuộc địa Mỹ và quốc gia mới phát triển nhanh chóng về dân số và diện tích khi những người tiên phong đổ xô đến biên cương khu định cư phía tây. Tiến trình này cuối cùng cũng chấm dứt vào khoảng năm 1890 đến năm 1910 khi các vùng đất nông nghiệp và đất nông trại chính yếu cuối cùng có người định cư. Các bộ lạc người bản địa Mỹ tại một số nơi chống đối bằng vũ lực nhưng họ bị người định cư và quân đội tràn ngập và sau năm 1830 họ bị di dời đến các khu dành riêng tại miền tây. ""Thuyết đề Biên cương"" có ảnh hưởng cao cho rằng biên cương đã tạo nên tính cách quốc gia cùng với sự táo bạo của nó là bạo lực, sáng kiến, chủ nghĩa cá nhân và dân chủ.",
vihallu_train_6530,extrinsic,intrinsic,extrinsic→intrinsic,tu_tin_sai,False,False,False,False,False,True,False,False,0.8244569514211988,0.6757584708747727,0.026844568032375022,0.8244569514211988,0.1486984805464261,5,139,41,0.5853658536585366,unknown,"Giả sử rằng cuộc chiến tranh Tây Ban Nha-Mỹ kết thúc với việc Tây Ban Nha giành chiến thắng quyết định, nước nào trên thế giới đã trải qua các sự kiện gần giống với những gì đã xảy ra ở Cuba?","Nếu Tây Ban Nha giành chiến thắng, Cuba có thể đã trải qua tình huống tương tự như Philippines, nơi có phong trào độc lập mạnh mẽ và các cuộc kháng chiến vũ trang chống lại sự kiểm soát ngoại bang.","Kết quả là cuộc Chiến tranh Tây Ban Nha-Mỹ, trong đó các lực lượng Mỹ đổ bộ xuống Cuba tháng 6 năm 1898 và nhanh chóng đè bẹp sự kháng cự yếu ớt của Tây Ban Nha. Tháng 8 một hiệp ước hòa bình được ký kết theo đó Tây Ban Nha đồng ý rút lui khỏi Cuba. Một số người ủng hộ ý kiến Hoa Kỳ trao trả độc lập cho Cuba, trong khi những người khác muốn sáp nhập lãnh thổ này. Để dàn xếp, chính quyền McKinley đặt Cuba dưới một hiệp ước bảo hộ 20 năm của Hoa Kỳ. Phong trào độc lập tại Cuba phản đối kế hoạch này, nhưng không giống như Philippines, nơi các sự kiện cũng diễn ra tương tự, không hề có cuộc kháng chiến vũ trang nào xảy ra.",
vihallu_train_1155,extrinsic,no,extrinsic→no,chep_lai_ma_sai,False,False,True,False,False,True,False,False,0.9666069978856151,0.9428904979038999,0.9666069978856151,0.009676502132669606,0.023716499981715194,6,160,42,0.8809523809523809,unknown,"Với sự đa dạng tôn giáo và văn hóa phong phú ở Ả Rập Xê Út, những ngày lễ nào như Giáng Sinh hay Phục Sinh được tổ chức rộng rãi và chào đón bởi tất cả các cộng đồng tôn giáo?",Giáng Sinh và Lễ Phục Sinh không được tổ chức rộng rãi hoặc chào đón tại Ả Rập Xê Út. Các lễ hội phi Hồi giáo không được dung thứ và việc lập điểm thờ phụng phi Hồi giáo không được phép.,"Do các hạn chế tôn giáo, văn hoá Ả Rập Xê Út thiếu đa dạng về biểu lộ tôn giáo, các toà nhà, lễ hội và sự kiện công cộng thường niên. Việc kỷ niệm các ngày lễ Hồi giáo (phi-Wahhabi) như sinh nhật Muhammad và ngày Ashura, (một ngày lễ quan trọng đối với 10–25% dân số theo Hồi giáo Shia), chỉ được khoan dung khi có quy mô nhỏ tại địa phương. Tín đồ Shia cũng phải đối diện với kỳ thị có hệ thống trong công việc, giáo dục, tư pháp theo đánh giá của Tổ chức Theo dõi Nhân quyền. Các lễ hội phi Hồi giáo như Lễ Giáng Sinh và Lễ Phục Sinh hoàn toàn không được dung thứ. Không được phép lập các điểm thờ phụng phi Hồi giáo tại Ả Rập Xê Út. Trong các vụ kiện bồi thường pháp lý (Diyya) người phi Hồi giáo nhận được ít hơn người Hồi giáo.",
vihallu_train_1239,extrinsic,no,extrinsic→no,tu_tin_sai,False,False,False,False,False,True,False,False,0.9784033658545731,0.9645600602203257,0.9784033658545731,0.007753328511179448,0.013843305634247426,5,168,32,0.7272727272727273,unknown,"Ai là người đã giúp nhà vua Louis XV phát triển niềm đam mê với địa lý và các kỹ thuật vẽ bản đồ, mặc dù ông nổi tiếng là không hứng thú với khoa học và thường xuyên bỏ qua các bài học của mình?","Chính Tu viện trưởng André-Hercule de Fleury, Giám mục xứ Frejus, đã giúp nhà vua Louis XV phát triển niềm đam mê với địa lý và các kỹ thuật vẽ bản đồ.","Gia sư của nhà vua là Tu viện trưởng André-Hercule de Fleury, Giám mục xứ Frejus, (về sau trở thành Hồng y de Fleury), dạy cho ông các ngôn ngữ Latin, Ý, các môn lịch sử, địa lý, thiên văn, toán học, mĩ thuật và bản đồ. Khi Sa hoàng Nga có chuyến thăm nước Pháp, nhà vua khiến Sa hoàng thích thú khi ông xác định những con sông, thành phố và các địa điểm địa lý của Nga. Trong những năm cuối đời nhà vua vẫn đam mê với khoa học và địa lý; ông lập ra Khoa Vật lý (1769) và Cơ khí (1773) tại Collège de France., và tài trợ cho tấm bản đồ hoàn chỉnh và chính xác đầu tiên của nước Pháp, Cartes de Cassini. Ngoài các môn khoa học lý thuyết, ông còn nhận được nền giáo dục thực tiễn trong chính phủ. Bắt đầu từ năm 1720 ông tham dự các cuộc họp thường kỳ của Hội đồng Nhiếp chính.",
vihallu_train_2943,extrinsic,no,extrinsic→no,prompt_noisy,True,False,False,False,False,True,False,False,0.744463170720681,0.531633266641559,0.744463170720681,0.21282990407912203,0.04270692520019697,4,115,37,0.7837837837837838,noisy,Tiet canh la mon an gi o?,"Tiết canh là món ăn từ tiết động vật kết hợp với sụn, thịt băm, ăn kèm lạc rang, rau thơm. Tuy nhiên, nó thường bị cảnh báo vì nguy cơ truyền bệnh và ký sinh trùng.","Tiết canh là món tươi sống làm từ tiết lợn, tiết vịt, tiết ngan (đôi khi có cả tiết chó, tiết chim, tiết cua bể) đã được hãm cho khỏi đông, kết hợp với sụn, thịt băm nhỏ để kết đông sản phẩm. Ăn kèm lạc rang tách vỏ, hạt tiêu, ớt, rau thơm và thậm chí, nó có thể ăn với lòng lợn luộc. Có hai dạng biến thể của tiết: hoặc hoàn toàn tươi sống, hoặc có chần qua nước sôi một chút. Món tiết canh thường được các cơ sở y tế khuyến cáo vì có thể truyền nhiều thứ bệnh và ký sinh trùng như dịch tả, giun, sán, bệnh dại,...",
vihallu_train_2974,extrinsic,no,extrinsic→no,khac,False,False,False,False,False,False,False,True,0.6777278208769819,0.48693567705010987,0.6777278208769819,0.19079214382687204,0.13148003529614605,4,116,43,0.6744186046511628,unknown,"Adversarial Question: Có phải việc truy cập tới các dữ liệu chia sẻ luôn được quản lý tốt nhất bằng cách không sử dụng bất kỳ kỹ thuật đồng bộ hóa nào như hàng đợi thông điệp hoặc semaphores, bởi vì điều đó sẽ đơn giản hóa hệ thống?","Việc truy cập tới các dữ liệu chia sẻ cần được quản lý bằng kỹ thuật đồng bộ hóa như hàng đợi thông điệp và semaphores để đảm bảo an toàn và tránh xung đột, không nên bỏ qua các phương pháp này.","Bất kỳ tác vụ nào có thể phá hủy dữ liệu của một tác vụ khác đều cần phải được tách biệt một cách chính xác. Việc truy cập tới các dữ liệu chia sẻ có thể được quản lý bằng một số kỹ thuật đồng bộ hóa như hàng đợi thông điệp (message queues), semaphores … Vì những phức tạp nói trên nên một giải pháp thường được đưa ra đó là sử dụng một hệ điều hành thời gian thực. Lúc đó, các nhà lập trình có thể tập trung vào việc phát triển các chức năng của thiết bị chứ không cần quan tâm đến các dịch vụ của hệ điều hành nữa.",
vihallu_train_4186,extrinsic,no,extrinsic→no,tu_tin_sai,False,False,False,False,False,True,False,False,0.9391280026492753,0.8809345426284063,0.9391280026492753,0.058193460020868996,0.0026785373298556753,4,125,26,0.6923076923076923,unknown,"Mặc dù nhạc cổ điển chiếm ưu thế tuyệt đối trong suốt thế kỷ XX, những thể loại nhạc nào lại bất ngờ nổi lên vào giữa thế kỷ này?","Nhạc pop và rock bất ngờ nổi lên vào giữa thế kỷ XX, mặc dù nhạc cổ điển chiếm ưu thế trong suốt thế kỷ này.","Âm nhạc Pháp về sau đi theo xu hướng nổi lên nhanh chóng của nhạc pop và rock vào giữa thế kỷ XX. Mặc dù các tác phẩm bằng tiếng Anh được ưa thích trong nước, song âm nhạc đại chúng Pháp hay còn gọi là chanson française vẫn rất phổ biến. Trong số các nghệ sĩ Pháp quan trọng nhất của thế kỷ có Édith Piaf, Georges Brassens, Léo Ferré, Charles Aznavour và Serge Gainsbourg. Mặc dù Pháp có rất ít ban nhạc rock so với các quốc gia nói tiếng Anh, song các ban nhạc như Noir Désir, Mano Negra, Niagara, Les Rita Mitsouko và gần đây hơn là Superbus, Phoenix và Gojira, hay Shaka Ponk, được ưa thích trên toàn thế giới.",
vihallu_train_4565,extrinsic,no,extrinsic→no,chep_lai_ma_sai,False,False,True,False,False,False,True,False,0.4504801986205386,0.008430630068283373,0.4504801986205386,0.44204956855225525,0.1074702328272062,3,150,39,0.8461538461538461,unknown,Điều gì mà Mỹ muốn có ở một chính phủ mới ở Việt Nam?,"Mỹ muốn một chính phủ mới ở miền Nam Việt Nam không phân biệt thành phần, nhằm xử lý hiệu quả các vấn đề của đất nước và tránh sự bất mãn, đối kháng từ các nhóm khác nhau.","Người Mỹ cũng nhận thức được sự yếu kém của chính quyền Việt Nam Cộng hòa. Theo nhận định của người Mỹ, Mỹ cũng thấy được sự vỡ mộng ""đặc biệt là ở các tầng lớp có học"", sự ""bất mãn trong các sĩ quan quân đội"", ""nỗ lực của chế độ bảo đảm an ninh nội bộ khi cho rằng một chính phủ độc tài là cần thiết để xử lý các vấn đề của đất nước sẽ dẫn đến một áp lực liên tục của các yếu tố đối lập tiềm năng"", ""trong một khoảng thời gian dài, sự tích tụ bất bình giữa các nhóm khác nhau và các cá nhân có thể dẫn đến sự phát triển của phong trào đối kháng quốc gia""... Mỹ thấy cần ủng hộ việc thành lập một chính phủ mới ở miền Nam Việt Nam, không phân biệt thành phần.",
vihallu_train_556,extrinsic,no,extrinsic→no,khac,False,False,False,False,False,False,False,True,0.46753500427051314,0.1301773276933516,0.46753500427051314,0.19510731915232543,0.33735767657716154,3,130,52,0.5769230769230769,unknown,"Những phe thất bại bao gồm những người ủng hộ mạnh mẽ Charles de Gaulle và các chính sách của Đệ ngũ Cộng hoà, như Mitterrand?","Những phe thất bại không bao gồm những người ủng hộ mạnh mẽ Charles de Gaulle mà chủ yếu là Đảng Cộng sản Pháp (PCF) và các nhà chính trị cộng hoà cánh tả. Mitterrand, người ban đầu phản đối Đệ ngũ Cộng hoà, sau đó trở thành một trong những nhà","Năm 1958, Mitterrand là một trong số ít ứng cử viên để Charles de Gaulle chỉ định làm lãnh đạo chính phủ, và cho kế hoạch của de Gaulle về một nền Đệ ngũ Cộng hoà. Ông đã thay đổi sự đối lập của mình trong hoàn cảnh de Gaulle quay trở lại: cuộc khủng hoảng tháng 5 năm 1958 và áp lực quân đội. Tháng 9 năm 1958, quyết định đối đầu với Charles de Gaulle, Mitterrand đưa ra một lời kêu gọi bỏ phiếu ""phản đối"" trong cuộc trưng cầu dân ý về hiến pháp, tuy nhiên nó vẫn được thông qua ngày 4 tháng 10 năm 1958. Liên minh thất bại gồm PCF và một số nhà chính trị cộng hoà cánh tả (như Mendès-France và Mitterrand).",
vihallu_train_6214,extrinsic,no,extrinsic→no,chep_lai_ma_sai,False,False,True,False,False,True,False,False,0.8994166728685487,0.8320575424545745,0.8994166728685487,0.06735913041397415,0.033224196717477165,6,212,31,0.8529411764705882,unknown,"Ai có nhiệm vụ cung ứng 20.000-30.000 kỵ binh, trong khi đồng thời đóng vai trò là trung tâm hành chính chính của thủ đô Constantinople?","Hãn vương người Tatar của Hãn quốc Krym có nhiệm vụ cung ứng 20.000-30.000 kỵ binh, nhưng không đóng vai trò là trung tâm hành chính chính của thủ đô Constantinople.","Vì thế mà sợi dây chính trị nối kết các sắc tộc và tôn giáo khác nhau cần thiết phải linh động và lỏng lẻo. Sultan trị vì từ thủ đô Constantinople (nay là Thành phố Istanbul của Thổ Nhĩ Kỳ, nhưng bộ máy hành chính địa phương nằm trong tay các tiểu vương, hoàng thân, hãn vương,..., có địa phương được tự trị mọi việc ngoại trừ cái tên. Các hoàng thân Cơ đốc giáo vùng Balkan được sultan chọn, nhưng một khi đã lên nắm quyền, lòng trung thành của họ chỉ thể hiện qua việc nộp triều cống cho các sultan. Mỗi năm, từng đoàn xe goòng tải đến Constantinople vàng và những loại tiền thuế. Hãn vương người Tatar của Hãn quốc Krym cai trị từ thủ phủ Bakhchisarai như là vị lãnh chúa độc tôn, chỉ có nhiệm vụ cung ứng 20.000-30.000 kỵ binh mỗi khi các triều đình Ottoman có chiến tranh. Về phía tây cách gần 2.000 kílômét, các vùng Tripoli, Tunis và Algérie chỉ thực hành nghĩa vụ chiến tranh bằng cách điều tàu chiến (bình thường làm giàu nhờ nghề hải tặc cướp bóc tất cả các nước) đi đánh các cường quốc Hải quân theo Cơ đốc giáo như Venezia và Genova.",
vihallu_train_6298,extrinsic,no,extrinsic→no,phan_van,False,False,False,False,False,False,True,False,0.5290552920595264,0.0902585720090544,0.5290552920595264,0.438796720050472,0.03214798789000163,3,129,37,0.7297297297297297,unknown,"Vào thời điểm lớn mạnh, Đế quốc Ottoman có dân số đứng sau quốc gia nào ở châu Âu, ngoại trừ Pháp và Tây Ban Nha, mặc dù Tây Ban Nha thực sự không tồn tại trong danh sách các quốc gia lớn vào thời điểm đó?","Vào thời điểm lớn mạnh, Đế quốc Ottoman có dân số đứng sau quốc gia Pháp ở châu Âu, và Tây Ban Nha không được coi là một trong các quốc gia lớn vào thời điểm đó.","Vào thời lớn mạnh, Đế quốc Ottoman đã trải dài toàn bộ đông-nam châu Âu bờ bắc Địa Trung Hải, cả bờ biển bắc châu Phi cho đến Maroc phía nam Địa Trung Hải. Trong thế kỷ XVII, Đế quốc Ottoman có khoảng 25 triệu dân – một con số khổng lồ vào thời đó, gần bằng gấp đôi bất cứ nước nào ở châu Âu ngoại trừ Pháp. Gần 30 quốc gia hiện nay đã được thành lập từ lãnh thổ cũ của Đế quốc Ottoman: Thổ Nhĩ Kỳ, Hy Lạp, Bulgaria, România, Nam Tư (sau này phân làm 5 nước độc lập), Hungary, Albania, Syria, Liban, Jordan, Israel, Aden, Kuwait, Ai Cập, Sudan, Libya, Iraq, Yemen, Tunisia, Algérie, Síp, Armenia, Gruzia, Ukraina và một phần nước Nga.",
vihallu_train_1166,intrinsic,extrinsic,intrinsic→extrinsic,khac,False,False,False,False,False,False,False,True,0.6828369648805643,0.4266168665397322,0.06094293677860363,0.25622009834083215,0.6828369648805643,7,140,55,0.7857142857142857,unknown,"Niue tọa lạc ở đâu, và phải chăng đây là quốc gia duy nhất ở Nam Thái Bình Dương nằm hoàn toàn trong bán cầu Đông?","Niue nằm cách New Zealand 2.400 km về phía tây nam, nằm trong một hình tam giác giữa Tonga ở phía đông bắc, Samoa ở phía đông nam và Quần đảo Cook ở tây bắc. Đây không phải là quốc gia duy nhất ở Nam Thái Bình Dương nằm hoàn toàn trong bán cầu Tây.","Niue là một đảo quốc ở Nam Thái Bình Dương, thường được biết đến như "" Đảo đá Polynesia"", và cư dân bản địa trên đảo gọi tắt là ""Đảo đá"". Niue cách 2.400 km về phía đông bắc New Zealand, trong một tam giác giữa Tonga ở phía tây nam, Samoa ở phía tây bắc và Quần đảo Cook ở đông nam. Diện tích đảo là 260 km² với khoảng 1400 cư dân chủ yếu là người Polynesia. Trong sự tự trị, Niue có liên kết tự do với New Zealand, và có chủ quyền không đầy đủ. Nữ hoàng Elizabeth II là Nguyên thủ Quốc gia của Niue. Hầu hết quan hệ ngoại giao chịu sự quản lý của New Zealand, nước đại diện cho Niue. Năm 2003, Niue là ""quốc gia WiFi"" đầu tiên trên thế giới.",
vihallu_train_1282,intrinsic,extrinsic,intrinsic→extrinsic,khac,False,False,False,False,False,False,False,True,0.5716068804286915,0.22638194324872424,0.08316818239134126,0.3452249371799672,0.5716068804286915,5,117,38,0.6052631578947368,unknown,"Assoumani giữ chức vụ gì trước năm 2022, khi mà hiến pháp mới chưa được thông qua và ba đảo vẫn chưa được thống nhất lại?","Trước năm 2022, khi hiến pháp mới chưa được thông qua và ba đảo chưa thống nhất lại, Assoumani giữ chức vụ Thủ tướng, không phải Tổng thống, theo quyết định từ Tổ chức Thống nhất châu Phi.","Tháng 3 năm 2000, Tổ chức Thống nhất châu Phi (OAU) cắt đứt liên lạc với Anjouan nhằm chấm dứt cuộc nổi dậy. OAU yêu cầu Tổng thống Assoumani áp đặt lệnh cấm vận thương mại và trao trả quyền lại cho giới dân sự tại Comoros. Tháng 2 năm 2001, Tổng thống ký một hiệp ước hòa giải với các nhà lãnh đạo chính trị ở ba đảo, kể cả nhà lãnh đạo nhóm li khai của đảo Anjouan, Đại tá Said Abeid. Tháng 3 năm 2002, một hiến pháp mới được thông qua, ba đảo được thống nhất lại. Mỗi đảo bầu một Tổng thống riêng và Assoumani được bầu làm Tổng thống liên bang.",
vihallu_train_1526,intrinsic,extrinsic,intrinsic→extrinsic,tu_tin_sai,False,False,False,False,False,True,False,False,0.8230676301474948,0.646873369181092,0.0007381088861024129,0.17619426096640292,0.8230676301474948,3,183,62,0.5483870967741935,unknown,"Trong cuộc cách mạng Mỹ, ngoài việc sản sinh ra các thánh tử đạo như Benedict Arnold và những ác quỷ như Nathan Hale, còn có những lãnh tụ tôn giáo nào khác?","Ngoài các nhân vật được ví như Moses và các nhà tiên tri, cuộc cách mạng Mỹ cũng chứng kiến sự xuất hiện của những lãnh tụ tôn giáo có tầm ảnh hưởng như Samuel Adams, người được coi như ""Vị Thánh của Tự Do"" nhờ vai trò quan trọng trong việc thúc đẩy tư tưởng độc lập và tự do t","Cách mạng Mỹ là nguồn động lực chính của tôn giáo quốc dân Mỹ không chia giáo phái mà đã tạo hình cho chủ nghĩa yêu nước, ký ức và ý nghĩa ngày sinh của quốc gia kể từ đó. Các trận chiến không phải là trọng tâm nhưng đúng hơn là các sự kiện và con người đã được chào mừng như những biểu tượng của một số đức tin nào đó. Như các sử gia đã ghi nhận, cuộc cách mạng Mỹ đã sản sinh ra một lãnh tụ được ví như là Moses (George Washington), các nhà tiên tri (Thomas Jefferson, Tom Paine) và các thánh tử đạo (Boston Massacre, Nathan Hale) cũng như những ác quỷ (Benedict Arnold), những nơi thiêng liêng (Valley Forge, Bunker Hill), giáo lý (Tiệc trà Boston), biểu trưng (lá cờ mới), ngày lễ thiêng liêng (4 tháng 7) và một cuốn kinh thánh mà mỗi câu được nghiên cứu và áp dụng cẩn thận vào các trường hợp pháp lý hiện thời (bản Tuyên ngôn Độc lập, Hiến pháp và Đạo luật Nhân quyền).",
vihallu_train_1545,intrinsic,extrinsic,intrinsic→extrinsic,tu_tin_sai,False,False,False,False,False,True,False,False,0.7546074403153551,0.5319227653958571,0.02270788476514691,0.222684674919498,0.7546074403153551,4,136,44,0.5681818181818182,unknown,"Putin đã công tác tại FSB từ tháng 7 năm 1998 đến khi KGB ủng hộ thành công cuộc đảo chính chống lại Tổng thống Gorbachyov, đúng không?","Putin làm việc tại FSB từ tháng 7 năm 1998 đến tháng 8 năm 1999. Trong khoảng thời gian đó, ông đã giành được sự tín nhiệm với nhiều nhà lãnh đạo quốc tế nhờ các chính sách an ninh cứng rắn của mình.","Putin đã chính thức thôi chức vụ bên trong ngành an ninh quốc gia ngày 20 tháng 8 năm 1991, khi KGB ủng hộ cuộc đảo chính sớm thất bại chống lại Tổng thống Xô viết Mikhail Sergeyevich Gorbachyov. Năm 1994 ông trở thành Phó chủ tịch thứ nhất thành phố St. Petersburg, vị trí ông giữ cho tới tận khi được gọi tới Moskva, tháng 8 năm 1996, để nhận nhiều chức vụ cao cấp bên trong bộ máy chính quyền thứ hai của Boris Nikolayevich Yeltsin. Ông là lãnh đạo dân sự của Tổng cục An ninh Liên bang Nga FSB (cơ quan kế tục KGB) từ tháng 7 năm 1998 đến tháng 8 năm 1999, và giữ chức vụ Thư ký Ủy ban An ninh từ tháng 3 đến tháng 8 năm 1999.",
vihallu_train_1697,intrinsic,extrinsic,intrinsic→extrinsic,prompt_noisy,True,False,False,False,False,False,False,False,0.6369282522293019,0.28469619639585975,0.01083969193725589,0.3522320558334422,0.6369282522293019,6,160,50,0.72,noisy,Viec co dinh mot ton giao duy nhat da dan den cho A Rap Xe Ut nhung he luy gi?,"Ả Rập Xê Út được biết đến với sự đa dạng tôn giáo phong phú, với nhiều lễ hội và sự kiện công cộng thường niên được tổ chức cho cả người Hồi giáo và phi Hồi giáo. Các tôn giáo khác nhau đều được hoan nghênh và hỗ trợ.","Do các hạn chế tôn giáo, văn hoá Ả Rập Xê Út thiếu đa dạng về biểu lộ tôn giáo, các toà nhà, lễ hội và sự kiện công cộng thường niên. Việc kỷ niệm các ngày lễ Hồi giáo (phi-Wahhabi) như sinh nhật Muhammad và ngày Ashura, (một ngày lễ quan trọng đối với 10–25% dân số theo Hồi giáo Shia), chỉ được khoan dung khi có quy mô nhỏ tại địa phương. Tín đồ Shia cũng phải đối diện với kỳ thị có hệ thống trong công việc, giáo dục, tư pháp theo đánh giá của Tổ chức Theo dõi Nhân quyền. Các lễ hội phi Hồi giáo như Lễ Giáng Sinh và Lễ Phục Sinh hoàn toàn không được dung thứ. Không được phép lập các điểm thờ phụng phi Hồi giáo tại Ả Rập Xê Út. Trong các vụ kiện bồi thường pháp lý (Diyya) người phi Hồi giáo nhận được ít hơn người Hồi giáo.",
vihallu_train_1838,intrinsic,extrinsic,intrinsic→extrinsic,phan_van,False,False,False,False,False,False,True,False,0.4882995711472242,0.022730437357745936,0.046131295063297544,0.4655691337894783,0.4882995711472242,10,188,27,0.7407407407407407,unknown,"Nơi dạy chữ của người Sumerian được gọi là Edubba, nhưng có phải chỉ có con gái mới được học ở đó không?","Edubba là nơi dạy chữ của người Sumerian, nhưng chỉ có con gái mới được học ở đó, trong khi con trai không được phép tham gia.","Trong khu vực Lưỡng Hà, dạng chữ viết đầu tiên đã xuất hiện là chữ hình nêm (Cuneiform) có nguồn gốc từ hệ thống chữ tượng hình. Những hình ảnh đại diện của nó dần trở nên đơn giản hơn. Chữ hình nêm được viết trên đá phiến sét, những chữ cái được viết bằng cây sậy có tác dụng như bút trâm (Stylus). Cùng với sự thành lập của các trạm chuyển phát sự quản lý quốc gia trở nên dễ dàng hơn. Với người Sumerian chỉ những con cái nhà giàu, quý tộc mới được học chữ. Chúng được học tại một nơi gọi là Edubba, chỉ có con trai được học. Các văn bản lịch sử văn hóa đã góp phần vào sự tồn tại của nền văn minh này. Một trong những văn bản cổ nhất trên thế giới, có tên Sử thi Gilgamesh, có nguồn gốc từ nền văn minh này. Năm 2400 TCN, đế chế Akkadian được tạo dựng ở vùng Lưỡng Hà. Vài thế kỷ tiếp sau, đế chế Assyria nổi lên, tiếp theo đó là đế chế của người Babylon.",
vihallu_train_2164,intrinsic,extrinsic,intrinsic→extrinsic,phan_van,False,False,False,False,False,False,True,False,0.4958214073128909,0.047763068463583025,0.05612025383780124,0.4480583388493079,0.4958214073128909,2,141,37,0.5405405405405406,unknown,Bức tường tồn tại trong bao nhiêu lâu nếu nó được xây dựng vào năm 1989 và sụp đổ ngay sau đó vào cùng năm?,"Bức tường tồn tại trong khoảng 10 ngày nếu nó được xây dựng vào năm 1989 và sụp đổ ngay sau đó vào cùng năm, do các cuộc biểu tình diễn ra nhanh chóng và mạnh mẽ.","Bức tường sụp đổ trong đêm thứ Năm ngày 9 tháng 11, rạng sáng ngày thứ Sáu ngày 10 tháng 11 năm 1989, sau hơn 28 năm. Dẫn đến việc mở cửa bức tường về một mặt là các cuộc biểu tình tuần hành rộng lớn và yêu cầu tự do đi lại trong Đông Đức trước kia, về mặt khác là việc ""bỏ trốn Cộng hòa"" (Republikflucht) liên tục của một số lớn người dân từ Đông Đức sang Tây Đức đi vòng qua nước ngoài như Hungary, nước đã mở cửa biên giới với Áo từ ngày 11 tháng 9 hay trực tiếp từ Tiệp Khắc từ đầu tháng 11 hoặc qua các đại sứ quán Đức tại các thủ đô của các quốc gia ở Đông Âu (trong đó là các đại sứ quán tại Praha và Warszawa).",
vihallu_train_2166,intrinsic,extrinsic,intrinsic→extrinsic,phan_van,False,False,False,False,False,False,True,False,0.4875563968628373,0.06488852375546594,0.08977573002979138,0.42266787310737136,0.4875563968628373,4,135,40,0.75,unknown,"Khi khai thác mỏ và khai quật, pyrit lộ thiên sẽ phản ứng với khí heli và nước để tạo thành sulfat, gây ra sự thoát nước mỏ axít. Điều này có đúng không?","Pyrit khi lộ thiên không phản ứng với khí heli và nước mà thực chất phản ứng với khí neon và nước để tạo thành sulfat, dẫn đến thoát nước mỏ axít. Helium không tham gia vào quá trình này.","Pyrit bị lộ thiên ra ngoài không khí trong quá trình khai thác mỏ và khai quật sẽ phản ứng với ôxy và nước để tạo thành sulfat, gây ra sự thoát nước mỏ axít. Quá trình axít hóa này tạo ra từ phản ứng của vi khuẩn chi Acidithiobacillus, các dạng vi khuẩn tìm kiếm nguồn năng lượng của chúng bằng cách ôxi hóa các ion sắt II (Fe2+) thành các ion sắt III (Fe3+) với việc sử dụng ôxy như là tác nhân ôxi hóa. Các ion sắt III đến lượt mình lại tấn công pyrit để sinh ra ion sắt II và sulfat. Sắt hóa trị 2 lại được vi khuẩn sử dụng để tạo ra sắt hóa trị 3 và chu trình này tiếp diễn cho đến khi pyrit cạn kiệt.",
vihallu_train_2288,intrinsic,extrinsic,intrinsic→extrinsic,khac,False,False,False,False,False,False,False,True,0.6446173801171394,0.3529137495478777,0.06367898931359882,0.29170363056926174,0.6446173801171394,5,210,31,0.6129032258064516,unknown,Ai là tác za của cuốn Bibliotheca chhemica curriosa?,"Tác giả của cuốn Bibliotheca chemica curiosa là Gottfried Wilhelm Leibniz, người đã khám phá ra bản viết tay quý giá này và ghi chép lại những câu chuyện giả kim.","Theo lịch sử truyền thống của thuật giả kim phương Tây, antimon kim loại được giả định là do giáo trưởng Basilius Valentinus miêu tả (trước Biringuccio) trong bản thảo viết tay bằng chữ Latinh, Currus Triumphalis Antimonii, có khoảng năm 1450. Bản viết tay này được công bố năm 1604 với bản dịch sang tiếng Anh là The Triumphal Chariot of Antimony của Johann Thölde (1565–1614). Sự phát hiện kỳ diệu ra toàn bộ bản viết tay của Valentinus, bao gồm cả các chuyện giả kim, được Jean-Jacques Manget miêu tả đầy đủ trong cuốn Bibliotheca chemica curiosa của ông (năm 1702): bản viết tay này được cất giấu trên 1 thế kỷ trong một cột trụ của tu viện St. Peter tại Erfurt, cho đến khi cột này bị vỡ do sét đánh. Nhiều học giả coi Basilius Valentinus như là một nhân vật huyền bí. Gottfried Wilhelm Leibniz (1646–1716) sau khi điều tra cẩn thận, đã tuyên bố rằng không có giáo trưởng Valentinus nào tồn tại trong tu viện ở Erfurt, mà tên gọi này có lẽ chỉ là bút danh – có lẽ của chính Thölde – sử dụng để pha trộn các tài liệu được phiên dịch kém với các nguồn gốc khác nhau.",
vihallu_train_2553,intrinsic,extrinsic,intrinsic→extrinsic,khac,False,False,False,False,False,False,False,True,0.5552146628727179,0.11153697908635912,0.0011076533409231809,0.4436776837863588,0.5552146628727179,4,124,43,0.627906976744186,unknown,Những cảm giác vị cơ bản được tạo nên từ đâu?,"Các cảm giác vị cơ bản thực sự phát sinh từ một sơ đồ vị giác cụ thể trên lưỡi, nơi mỗi phần của lưỡi được chuyên môn hóa để cảm nhận một vị riêng biệt như ngọt, chua, mặn, đắng và umami.","Tất cả những cảm giác vị phát sinh từ mọi vùng của khoang miệng, và quan niệm sai lầm nhưng khá phổ biến về một ""sơ đồ vị giác"" trong đó sự cảm nhận các vị khác nhau tương ứng với phần của lưỡi. Quan niệm này do bị dịch nhầm từ một văn bản tiếng Đức, và tồn tại trong các trường học ở Bắc Mỹ kể từ đầu thế kỷ XX. Có sự khác biệt rất nhỏ trong sự cảm thụ các hợp chất của các vùng khác nhau trên lưỡi. Các vị giác đơn lẻ (có chứa khoảng 100 tế bào cảm thụ mùi vị), trên thực tế, thường gợi đến một trong số năm vị cơ bản. [cần dẫn nguồn]",
vihallu_train_2587,intrinsic,extrinsic,intrinsic→extrinsic,khac,False,False,False,False,False,False,False,True,0.6436349955028012,0.28817878787468076,0.0009087968690783377,0.35545620762812047,0.6436349955028012,5,167,34,0.5882352941176471,unknown,Martí đã cùng với lực lượng nào đến Cuba?,"Martí đã đến Cuba cùng với lực lượng viễn chinh phía tây, một nhóm chiến binh nổi tiếng với chiến thuật du kích đặc biệt và sự hỗ trợ từ các nước láng giềng.","Trong thập niên 1890, các phong trào ủng hộ độc lập hồi sinh, được thúc đẩy bởi sự oán giận do các biện pháp hạn chế áp đặt lên thương mại Cuba và tình trạng thù địch với chính sách quản lý ngày càng phân biệt đối xử và không hiệu của Tây Ban Nha. Rất ít lời hứa cải cách kinh tế theo Hiệp ước Zanjon được chính phủ Tây Ban Nha thực hiện. Tháng 4 năm 1895, một cuộc chiến tranh mới nổ ra, do tác gia và là nhà thơ José Martí người đã tổ chức chiến tranh trong giai đoạn mười năm sống tha hương tại Hoa Kỳ lãnh đạo. Ông tuyên bố Cuba trở thành một nước Cộng hòa độc lập — Martí bị giết hại tại Dos Rios ngay sau khi đặt chân tới Cuba cùng lực lượng viễn chinh phía đông. Cái chết đã khiến ông trở thành bất tử và được coi là một anh hùng quốc gia Cuba.",
vihallu_train_3174,intrinsic,extrinsic,intrinsic→extrinsic,tu_tin_sai,False,False,False,False,False,True,False,False,0.7883034692768472,0.5776811882865214,0.0010742497328267528,0.21062228099032593,0.7883034692768472,3,133,46,0.5652173913043478,unknown,Aii đã phản đốii học thuyết xã hội mớii của các triếtt gia duy lý Phápk?,"Ngoài Joseph de Maistre, Louis de Bonald và Félicité Robert de Lamennais, triết gia người Nga Aleksandr Herzen cũng đã chỉ trích mạnh mẽ các học thuyết xã hội mới, cho rằng chúng không phù hợp với hệ thống xã hội và văn hóa của Nga.","Tư tưởng tại Pháp trong thế kỷ XIX đặt mục tiêu vào phản ứng trước náo động xã hội sau Cách mạng Pháp. Các triết gia duy lý như Victor Cousin và Auguste Comte, người kêu gọi một học thuyết xã hội mới, bị phản đối bởi các nhà tư tưởng phản động như Joseph de Maistre, Louis de Bonald và Félicité Robert de Lamennais, họ đổ lỗi cho những người duy lý bác bỏ trật tự truyền thống. De Maistre cùng với triết gia người Anh Edmund Burke được cho là những người sáng lập chủ nghĩa bảo thủ châu Âu, trong khi Comte được cho là người thành lập chủ nghĩa thực chứng, luận thuyết này được Émile Durkheim định nghĩa lại để làm cơ sở cho nghiên cứu xã hội.",
vihallu_train_3259,intrinsic,extrinsic,intrinsic→extrinsic,phan_van,False,False,False,False,False,False,True,False,0.5249850616709172,0.08737289060948805,0.03740276726765366,0.43761217106142913,0.5249850616709172,4,224,52,0.6923076923076923,unknown,Nội dung của bức thư mà Robert Murphy gửi cho Giraud có phải là việc Mỹ hoàn toàn ủng hộ độc lập hoàn toàn của thuộc địa Pháp và không công nhận chủ quyền của Pháp trên những lãnh thổ này không?,"Thư Robert Murphy gửi Giraud không nhấn mạnh ủng hộ độc lập cho thuộc địa Pháp. Thay vào đó, Mỹ cam kết phục hồi chủ quyền Pháp trên lãnh thổ đó. Đồng thời, Murphy cũng từng là người đàm phán việc trao đổi văn hóa giữa Mỹ và Pháp sau chiến tranh.","Nước Pháp chưa bao giờ tỏ ra một chút gì muốn ""giải thoát"" cho thuộc địa cũ của nó. Mục tiêu của Pháp được các viên chức Mỹ ba lần chính thức cam kết ủng hộ. Quyền Bộ trưởng Ngoại giao Mỹ Welles đã viết ngày 13-4-1943, trong một lá thư gửi cho Henri Haye, đại sứ Pháp ở Washington: ""Chính phủ Mỹ thừa nhận chủ quyền của người Pháp đối với lãnh thổ nước Pháp và đối với những thuộc địa của Pháp ở Hải ngoại... (và) nồng nhiệt hy vọng nước Pháp sẽ có thể khôi phục được nền độc lập của nước Pháp và sự toàn vẹn lãnh thổ của Pháp""; và đến tháng 11, một viên chức cao cấp thuộc Bộ Ngoại giao ở Bắc Phi, Robert Murphy, đã viết cho Giraud rằng ""Chúng tôi hoàn toàn ủng hộ chủ quyền nước Pháp sẽ được phục hồi càng sớm càng tốt trên toàn bộ lãnh thổ, chính quốc và thuộc địa, trên đó cờ nước Pháp đã tung bay vào năm 1939. Hiệp định Clark - Darlan về cuộc tấn công của chúng ta vào Bắc Phi cũng đã ghi nhận sự đồng ý giữa hai bên rằng các lực lượng của Pháp sẽ ""giúp đỡ và ủng hộ"" Đồng minh trong việc phục hồi toàn bộ Đế quốc Pháp"".",
vihallu_train_3514,intrinsic,extrinsic,intrinsic→extrinsic,khac,False,False,False,False,False,False,False,True,0.5693355669987517,0.1629668499027459,0.024295715905242585,0.40636871709600575,0.5693355669987517,3,128,35,0.7142857142857143,unknown,"Nam 1944, Erwin Schrödinger da cho ra doi tua sach voi nhan de la gi z?","Cuốn sách được Erwin Schrödinger xuất bản năm 1944 có tựa đề ""Sự sống có ý nghĩa gì?"" (What Does Life Mean?), thảo luận về entropy và cấu trúc của các phân tử sinh học.","Năm 1944, ông viết cuốn sách Sự sống là gì? (What Is Life?), với thảo luận về negentropy và đề cập đến khái niệm về một phân tử phức hợp mang mã di truyền cho các sinh vật sống. Theo như hồi ký của James D. Watson, DNA, the Secret of Life, cuốn sách của Schrödinger tạo cảm hứng cho Watson thực hiện nghiên cứu về gen, mà dẫn tới khám phá ra cấu trúc chuỗi xoắn kép DNA vào năm 1953. Cũng vậy, Francis Crick, trong cuốn tự thuật của ông What Mad Pursuit, miêu tả ông đã bị ảnh hưởng như thế nào bởi các phỏng đoán của Schrödinger về cách thức mà thông tin di truyền có thể được lưu giữ trong các phân tử.",
vihallu_train_3589,intrinsic,extrinsic,intrinsic→extrinsic,khac,False,False,False,False,False,False,False,True,0.6181646520235922,0.23766153176056132,0.0013322277133769433,0.38050312026303085,0.6181646520235922,4,120,58,0.5517241379310345,unknown,"Người đứng đầu trong triều đại Ai Cập, vốn nổi tiếng với việc xây dựng kim tự tháp trên sao Hoả, sẽ sinh sống tại đâu?","Người đứng đầu trong triều đại Ai Cập, nổi tiếng với việc xây dựng kim tự tháp trên sao Hoả, sẽ sinh sống tại cung điện Pharaon. Đặc biệt, trong cung điện này có một khu vườn nổi tiếng với các loài thực vật từ khắp nơi trên thế giới, bao gồm cả những cây từ Nam Mỹ","Người Ai Cập cổ đại được biết đến với nhiều thành tựu và phát minh trong lịch sử, bao gồm cả việc xây dựng các kim tự tháp khổng lồ, phẫu thuật cổ đại, khoa học toán học, và vận tải bằng thuyền. Sự nổi lên của triều đại Ai Cập bắt đầu khi thống nhất Thượng và Hạ Ai Cập khoảng 3200 năm TCN, và kết thúc vào khoảng năm 340 TCN, bắt đầu từ triều đại Nhà Achaemenes trên lãnh thổ Ai Cập. Vương quốc của Ai Cập dẫn đầu bởi một vị vua nắm giữ cung điện Pharaon. Lúc đỉnh điểm, đế chế của ông trải dài từ đồng bằng sông Nin đến núi Gebel Barkal, Sudan.",
vihallu_train_3724,intrinsic,extrinsic,intrinsic→extrinsic,tu_tin_sai,False,False,False,False,False,True,False,False,0.8809937943458497,0.7659767727721943,0.003989184080494961,0.11501702157365538,0.8809937943458497,2,190,48,0.3958333333333333,unknown,"Quy chế của Đảng đã được cải tổ như thế nào khi Trung Quốc Quốc dân Đảng áp dụng chế độ dân chủ hoàn toàn tự do, không có bất kỳ yếu tố tập quyền nào?","Trung Quốc Quốc dân Đảng đã từng cân nhắc áp dụng mô hình dân chủ toàn diện lấy cảm hứng từ chính trị Thụy Sĩ, nơi mọi quyết định được đưa ra thông qua trưng cầu dân ý, tuy nhiên điều này chưa bao giờ được thực hiện.","Tổ chức đảng của Trung Quốc Quốc dân Đảng tuân theo chế độ ủy ban, thường gọi là ""đảng bộ"" (năm 1924 do chính sách ""liên Nga dung Cộng"" nên có quyết sách học tập Nga, đưa quy chế đảng cải tổ thành chế độ tập trung dân chủ do Lenin đề xuất làm cơ sở, được đảng cộng sản các quốc gia thực thi, cải tiến thành chế độ tập quyền dân chủ, về sau do tình thế chống cộng thời kỳ dẹp loạn nên về hình thức đổi thành chế độ ủy ban, về thực chất chưa có cải biến), chủ yếu phân thành ba cấp là Ủy ban Trung ương(tức Đảng bộ trung ương), ủy ban cấp huyện thị, ủy ban cấp khu. Trước đây, Trung Quốc Quốc dân Đảng lập ra nhiều ""đảng bộ chuyên nghiệp"" do Đảng bộ Trung ương trực tiếp quản lý, như ""Đảng bộ Lưu Trung Hưng"" trong hệ thống đặc vụ cảnh sát, trải qua nhiều lần tinh giản tổ chức đảng vụ, hiện nay chỉ còn Đảng bộ Hoàng Phục Hưng trong hệ thống quân đội và cựu chiến binh.",
vihallu_train_4224,intrinsic,extrinsic,intrinsic→extrinsic,phan_van,False,False,False,False,False,False,True,False,0.5307617933469043,0.06346242770130367,0.001938841007494907,0.46729936564560065,0.5307617933469043,5,152,37,0.6486486486486487,unknown,"Ngoài Paris, còn có thành phố nào được đánh giá là thành phố toàn cầu?","Ngoài Paris, các thành phố khác được công nhận là thành phố toàn cầu bao gồm Sydney, Rio de Janeiro và Mumbai, nổi tiếng với vai trò quan trọng trong kinh tế và văn hóa quốc tế.","Nổi tiếng với tên gọi Kinh đô ánh sáng, Paris là một trung tâm văn hóa lớn của thế giới và cũng là một trong những thành phố du lịch thu hút nhất. Sự nhộn nhịp, các công trình kiến trúc và không khí nghệ sĩ đã giúp Paris mỗi năm có đến 30 triệu khách nước ngoài. Thành phố còn được xem như kinh đô của thời trang cao cấp với nhiều khu phố xa xỉ cùng các trung tâm thương mại lớn. Là nơi đặt trụ sở chính của các tổ chức quốc tế như OECD, UNESCO... cộng với những hoạt động đa dạng về tài chính, kinh doanh, chính trị và du lịch đã khiến Paris trở thành một trong những trung tâm trung chuyển lớn nhất trên thế giới và được coi như một trong bốn ""thành phố toàn cầu"" cùng với New York, Luân Đôn và Tokyo.",
vihallu_train_4261,intrinsic,extrinsic,intrinsic→extrinsic,khac,False,False,False,False,False,False,False,True,0.643029068248188,0.29013130952834615,0.004073173031970327,0.3528977587198418,0.643029068248188,5,124,38,0.5,unknown,Hình thức tổ chức của đế quốc La Mã Thần thánh là gì?,"Đế quốc La Mã Thần thánh thực chất là một quốc gia liên bang, nơi hoàng đế nắm quyền lực tuyệt đối, và tầng lớp quý tộc chỉ đóng vai trò thứ yếu trong việc ra quyết định.","Quyền lực cai trị của đế quốc không nằm hoàn toàn trong tay của hoàng đế mà cũng không nằm hoàn toàn trong tay của các tuyển hầu tước hay của một tập thể như Quốc hội Đế chế. Đế quốc không phải là một quốc gia liên bang và cũng không phải là một liên minh của nhiều quốc gia. Đế quốc không phải là một đất nước do tầng lớp quý tộc cai trị nhưng cũng không nằm trong tay của một tập đoàn cai trị. Mặc dù vậy, Đế quốc lại kết hợp những đặc điểm của các hình thức quốc gia này. Lịch sử của Đế quốc mang nhiều ảnh hưởng của cuộc tranh cãi về tính chất của nó.",
vihallu_train_498,intrinsic,extrinsic,intrinsic→extrinsic,tu_tin_sai,False,False,False,False,False,True,False,False,0.8364555128980012,0.6753026127059683,0.002391586909965814,0.161152900192033,0.8364555128980012,4,206,55,0.43636363636363634,unknown,Mỗi chương trình của The Immortal World Tour diễn ra vào năm 2009 mang về bao nhiêu tiền?,"Mỗi chương trình của The Immortal World Tour diễn ra vào năm 2009 mang về khoảng 1 triệu đô la mỗi buổi diễn. Đáng chú ý là chuyến lưu diễn nhận được nhiều lời khen ngợi từ giới phê bình toàn cầu, đặc biệt là về hiệu ứng ánh sáng và âm thanh tiên tiến.","Vào ngày 3 tháng 11 năm 2010, tập đoàn biểu diễn nghệ thuật sân khấu Cirque du Soleil tuyên bố rằng họ sẽ khởi động Michael Jackson: The Immortal World Tour vào tháng 10 năm 2011 tại Montreal, bên cạnh một chương trình cố định tại Las Vegas. Những buổi biểu diễn trị giá 57 triệu đô và kéo dài 90 phút mỗi buổi này sẽ kết hợp với những nhạc phẩm mang tính biểu tượng của Jackson và qua bàn tay dàn dựng bởi những nghệ sĩ kinh nghiệm của Cirque. Chuyến lưu diễn được viết kịch bản và đạo diễn bởi Jamie King Ngày 3 tháng 10 năm 2011, album tổng hợp 40 bản phối được sử dụng trong chuyến lưu diễn Immortal đã được công bố, với phần sản xuất lại do Kevin Antunes thực hiện. Một chương trình thứ hai, lớn hơn của Cirque có tên Michael Jackson: One được diễn định kì tại khu nghỉ dưỡng Mandalay Bay ở Las Vegas được công bố vào ngày 21 tháng 2 năm 2013. Nó bắt đầu hoạt động vào ngày 23 tháng 5 trong một nhà hát mới được cải tạo đã gặt hái thành công về mặt chuyên môn lẫn thương mại.",
vihallu_train_5156,intrinsic,extrinsic,intrinsic→extrinsic,tu_tin_sai,False,False,False,False,False,True,False,False,0.8948532298024218,0.7912738492686363,0.0015673896637928462,0.10357938053378546,0.8948532298024218,6,254,47,0.5319148936170213,unknown,Hoạt động giao thương giữa Gia Định và Nam Vang có ý nghĩa như thế nào?,"Hoạt động giao thương giữa Gia Định và Nam Vang còn góp phần quan trọng trong việc lan truyền nghệ thuật và kiến trúc Khmer, ảnh hưởng đến phong cách xây dựng tại nhiều thành phố lớn khác trong khu vực Đông Nam Á thời bấy giờ.","Dưới thời nhà nước Phù Nam cư dân của quốc gia có truyền thống hàng hải và thương mại phát triển, Vương quốc Phù Nam có hải cảng giao thương với nước ngoài ở Óc Eo (gần núi Ba Thê-An giang ngày nay). Phù Nam có quan hệ buôn thương với nhiều khu vực lân cận, mở rộng đến cả Trung Hoa, Ấn Độ và Địa Trung Hải. Những hiện vật phát hiện được rất nhiều từ thế kỉ thứ XIX đến nay ở các địa phương Tây Nam Bộ đã chứng tỏ truyền thống hàng hải và thương mại của Phù Nam phát triển rất mạnh mẽ. Về phía biên giới Tây-Nam, Triều Nguyễn tiếp tục thực hiện bằng chính sách của Gia Long nửa sau thế kỷ 18. Luồng buôn bán, giao thương qua hai đường chính là cửa khẩu Châu Đốc và đường biển Hà Tiên. Trong thế kỷ 18-19, Châu Đốc là vùng biên thuỳ quan trọng ở tuyến biên giới Tây-Nam, nơi đây từng được coi là phong vũ biểu không chỉ trong mối quan hệ bang giao giữa Đàng Trong với Chân Lạp, mà nó còn là ""hàn thử biểu"" của mối giao thương Gia Định - Nam Vang. Do đó, con đường buôn bán Gia Định- Nam Vang không chỉ có tác động đến sự phát triển kinh tế của vùng đất này, mà còn ảnh hưởng đến tình hình chính trị, xã hội, giao lưu văn hoá của các cộng đồng cư dân trong khu vực.",
vihallu_train_5315,intrinsic,extrinsic,intrinsic→extrinsic,tu_tin_sai,False,False,False,False,False,True,False,False,0.7286093529493297,0.47495536755773937,0.01773666165907995,0.25365398539159034,0.7286093529493297,4,180,49,0.7142857142857143,unknown,"Sự kiện nào đánh dấu sự chuyển mình của Trung Quốc từ kinh tế kế hoạch sang kinh tế hỗn hợp, nhưng lại diễn ra trước khi Mao Trạch Đông qua đời vào năm 1976?","Sự kiện đánh dấu sự chuyển mình của Trung Quốc từ kinh tế kế hoạch sang kinh tế hỗn hợp là việc Mao Trạch Đông thực hiện chính sách Cải cách ruộng đất vào năm 1950, giúp thúc đẩy nền kinh tế tư nhân trước khi ông qua đời.","Sau khi Mao Trạch Đông từ trần 1976 và vụ bắt giữ bè phái mang tên Tứ nhân bang, Đặng Tiểu Bình lên nắm quyền và lãnh đạo quốc gia đến cải cách kinh tế quan trọng. Đảng Cộng sản sau đó nới lỏng kiểm soát của chính phủ đối với đời sống cá nhân của công dân và các công xã nhân dân bị bãi bỏ nhằm tạo điều kiện cho kinh tế tư nhân. Sự kiện này đánh dấu Trung Quốc chuyển đổi từ kinh tế kế hoạch sang kinh tế hỗn hợp, kinh tế tư nhân phát triển nhưng Nhà nước vẫn nắm giữ quyền điều tiết thị trường và các lĩnh vực quan trọng, với sự gia tăng của môi trường thị trường mở. Trung Quốc thông qua hiến pháp hiện hành vào ngày 4 tháng 1 năm 1982. Năm 1989, hành động trấn áp bạo lực các cuộc biểu tình của sinh viên tại quảng trường Thiên An Môn khiến chính phủ Trung Quốc bị nhiều quốc gia chỉ trích và áp đặt chế tài.",
vihallu_train_5476,intrinsic,extrinsic,intrinsic→extrinsic,phan_van,False,False,False,False,False,False,True,False,0.5270124928121102,0.05679695328115136,0.002771967656931193,0.4702155395309588,0.5270124928121102,3,134,46,0.6086956521739131,unknown,Tiết kiệm một số tiền thông qua việc loại trừ mạng điện thoại để làm gì?,"Tiết kiệm được một số tiền thông qua việc loại trừ mạng điện thoại để nâng cấp các thiết bị điện tử cá nhân và tăng cường bảo mật dữ liệu trên mạng xã hội, không liên quan đến việc kết hợp các hệ thống mạng.","Cụm từ ICT giờ đây cũng được sử dụng để ám chỉ đến sự gắn kết của nghe-nhìn và mạng điện thoại với mạng máy tính qua một đường dây đơn hoặc hệ thống liên kết. Có những biện pháp khuyến khích kinh tế lớn (tiết kiệm được một số tiền khổng lồ qua việc loại trừ mạng điện thoại) để kết hợp nghe nhìn, quản lý tòa nhà và mạng điện thoại với hệ thống mạng máy tính sử dụng một hệ thống cáp thống nhất, phân phối và quản lý tín hiệu. Điều này dần dần đã thúc đẩy sự tăng trưởng của các tổ chức với cụm từ ICT trong tên để chỉ ra chuyên môn của họ trong việc xử lý và gắn kết các hệ thống mạng khác nhau.",
vihallu_train_6234,intrinsic,extrinsic,intrinsic→extrinsic,tu_tin_sai,False,False,False,False,False,True,False,False,0.859476538124323,0.7282451432003404,0.00929206695169427,0.13123139492398264,0.859476538124323,10,311,49,0.4489795918367347,unknown,"Dù tình báo Mỹ đã rất hiệu quả trong việc theo dõi quân Trung Quốc tại Bắc Triều Tiên, làm thế nào mà quân Trung Quốc vẫn có thể di chuyển mà không bị phát hiện?","Quân Trung Quốc đã sử dụng kỹ thuật ngụy trang tiên tiến, bao gồm sơn mặt và trang phục tương tự màu sắc tự nhiên. Họ cũng cẩn thận lựa chọn tuyến đường ít bị theo dõi, dựa vào thông tin từ mạng lưới gián điệp tại khu vực.","Tình báo Mỹ, sơ sài trong suốt giai đoạn này vì nhiều lý do, đã không làm việc hiệu quả tại Bắc Triều Tiên cũng như đã từng không hiệu quả tại Nam Triều Tiên trong những ngày có cuộc bao vây tại Vành đai Pusan. Để giữ bí mật, quân Trung Quốc hành quân bằng cách đi bộ và ngủ trong rừng nên giảm thiểu tối đa sự phát hiện của đối phương. Trong một trường hợp có ghi chép kỹ càng, một quân đoàn của Trung Quốc gồm có ba sư đoàn hành quân bằng chân đất từ An Tung ở Mãn Châu, phía bắc cách sông Áp Lục khoảng 286 dặm (460 km) đến nơi tập kết tại Bắc Triều Tiên trong khoảng một thời gian dài từ 16 đến 19 ngày. Một sư đoàn của quân đoàn này hành quân vào ban đêm trên những con đường núi ngoằn ngoèo, trung bình đi được 18 dặm (29 km) một ngày trong vòng 18 ngày. Cuộc hành quân trong bắt đầu từ sau khi chập tối lúc 19 giờ và kết thúc lúc 3 giờ sáng hôm sau. Những phương án trú ẩn chống phi cơ phải hoàn thành trước 5 giờ 30 sáng. Tất cả mọi người, thú vật và các trang bị được che giấu hay ngụy trang. Trong ban ngày chỉ có các nhóm trinh sát được ngụy trang di chuyển về phía trước để chọn lựa khu đóng quân ngoài trời của ngày hôm sau. Khi các đơn vị của Trung Quốc bắt buộc phải hành quân vào ban ngày vì bất cứ lý do gì, họ luôn tuân thủ lệnh dừng lại ngay tại chỗ và không cử động khi có máy bay xuất hiện trên đầu. Các sĩ quan có quyền bắn hạ bất cứ binh sĩ nào vi phạm lệnh này.",
vihallu_train_659,intrinsic,extrinsic,intrinsic→extrinsic,tu_tin_sai,False,False,False,False,False,True,False,False,0.9100643219735427,0.8284675139774406,0.008338870030355204,0.08159680799610214,0.9100643219735427,7,222,64,0.5,unknown,"Dựa trên việc người Pháp đã đầu tư rất nhiều vào phát triển kinh tế và cơ sở hạ tầng tại Việt Nam, đặc biệt là các đồn điền cao su và mỏ than, có phải miền Nam có tỉ lệ thiếu lương thực cao nhất không?","Miền Nam Việt Nam, mặc dù có một số đầu tư kinh tế từ người Pháp, thực tế lại có điều kiện khí hậu thuận lợi hơn cho nông nghiệp. Do đó, tỉ lệ thiếu lương thực ở miền Nam thường thấp hơn so với miền Bắc và miền Trung, nơi thường xuyên đối mặt với thiên tai và điều kiện canh tác khó","Người Việt có mức sống rất thấp, nghèo đói phổ biến trên toàn đất nước, đặc biệt ở miền Bắc và miền Trung. Ở nông thôn tồn tại mâu thuẫn giữa địa chủ và tá điền còn ở thành thị có sự tương phản giữa tầng lớp tư sản, quan chức cao cấp và thị dân lớp dưới. Trong các cơ quan hành chính và các công ty tư nhân người châu Âu luôn được trả lương cao hơn người bản xứ càng làm tăng thêm cảm giác bất công cho người bản xứ. Người Pháp xây dựng một số cơ sở hạ tầng cơ bản tại An Nam. Họ cũng tạo ra một hệ thống y tế và giáo dục phục vụ cho xã hội thuộc địa tuy nhiên thành tựu của những hệ thống này khá kém cỏi. Năm 1937, chỉ có 10% số trẻ em đến tuổi đi học được học hành, gần 90% dân số mù chữ; cứ 3 đứa trẻ sinh ra thì một đứa chết. Hệ thống kinh tế mà Pháp đầu tư tại An Nam như các đồn điền cao su, mỏ than, các thành phố lớn, đường sắt, cảng biển là để phục vụ cho công cuộc khai thác thuộc địa của họ chứ không mang lại nhiều lợi ích cho dân bản xứ.",
vihallu_train_6852,intrinsic,extrinsic,intrinsic→extrinsic,khac,False,False,False,False,False,False,False,True,0.5996514854463475,0.20188452455211503,0.002581553659419993,0.39776696089423247,0.5996514854463475,7,222,46,0.5869565217391305,unknown,Miền nào có mức sống cao hơn miền Nam do sự đầu tư mạnh mẽ từ người Pháp vào cơ sở hạ tầng và giáo dục?,"Miền Nam có mức sống cao hơn so với miền Bắc và miền Trung, do người Pháp tập trung đầu tư vào phát triển hệ thống kênh rạch và mở rộng các đô thị như Sài Gòn, biến nơi đây thành trung tâm thương mại lớn.","Người Việt có mức sống rất thấp, nghèo đói phổ biến trên toàn đất nước, đặc biệt ở miền Bắc và miền Trung. Ở nông thôn tồn tại mâu thuẫn giữa địa chủ và tá điền còn ở thành thị có sự tương phản giữa tầng lớp tư sản, quan chức cao cấp và thị dân lớp dưới. Trong các cơ quan hành chính và các công ty tư nhân người châu Âu luôn được trả lương cao hơn người bản xứ càng làm tăng thêm cảm giác bất công cho người bản xứ. Người Pháp xây dựng một số cơ sở hạ tầng cơ bản tại An Nam. Họ cũng tạo ra một hệ thống y tế và giáo dục phục vụ cho xã hội thuộc địa tuy nhiên thành tựu của những hệ thống này khá kém cỏi. Năm 1937, chỉ có 10% số trẻ em đến tuổi đi học được học hành, gần 90% dân số mù chữ; cứ 3 đứa trẻ sinh ra thì một đứa chết. Hệ thống kinh tế mà Pháp đầu tư tại An Nam như các đồn điền cao su, mỏ than, các thành phố lớn, đường sắt, cảng biển là để phục vụ cho công cuộc khai thác thuộc địa của họ chứ không mang lại nhiều lợi ích cho dân bản xứ.",
vihallu_train_6996,intrinsic,extrinsic,intrinsic→extrinsic,khac,False,False,False,False,False,False,False,True,0.5818762359683599,0.1640331997333428,0.0002807277966229269,0.4178430362350171,0.5818762359683599,6,124,41,0.4146341463414634,unknown,"Để giải quyết tranh chấp văn hóa, Malaysia đã hoàn toàn nhượng bộ và công nhận tất cả các di sản văn hóa gây tranh chấp là của Indonesia, điều này có đúng không?","Malaysia không chỉ nhượng bộ hoàn toàn, mà còn đề nghị Indonesia quản lý tất cả các lễ hội văn hóa quan trọng của họ, điều này đã nhận được sự chấp thuận và hân hoan từ cả hai quốc gia.","Tồn tại một số tranh chấp văn hóa giữa Malaysia và các quốc gia láng giềng, đặc biệt là Indonesia. Hai quốc gia có một di sản văn hóa tương đồng, có chung nhiều truyền thống và hạng mục. Tuy nhiên, diễn ra tranh chấp về nhiều điều, từ các món ăn cho đến quốc ca của Malaysia. Tại Indonesia có cảm tình mạnh mẽ về việc bảo vệ di sản văn hóa quốc gia. Chính phủ Malaysia và chính phủ Indonesia có sự tiếp xúc nhằm xoa dịu một số căng thẳng bắt nguồn từ trùng lặp văn hóa. Tình cảm này không phải là mạnh tại Malaysia, tại đây hầu hết đều công nhận nhiều giá trị văn hóa là của chung.",
vihallu_train_927,intrinsic,extrinsic,intrinsic→extrinsic,phan_van,False,False,False,False,False,False,True,False,0.5258565250543072,0.09498060736578429,0.043267557257169804,0.43087591768852296,0.5258565250543072,5,147,35,0.6857142857142857,unknown,Bá tươc Bô Đào Nha Afonso Henriques da làm gi đê trơ thanh nha lãnh đao duy nhat?,"Afonso Henriques trở thành lãnh đạo duy nhất sau khi ký một hiệp ước hòa bình với mẹ ông là Teresa và Fernão Peres de Trava, mà không cần chiến đấu trong trận São Mamede.","Năm 1128, Bá tước Bồ Đào Nha Afonso Henriques đánh bại mẹ ông là Teresa cùng tình nhân của bà là Fernão Peres de Trava trong trận São Mamede, trở thành nhà lãnh đạo duy nhất. Afonso sau đó chuyển sang chống người Moor tại phía nam. Các chiến dịch của Afonso thắng lợi, và đến ngày 25 tháng 7 năm 1139, ông giành được thắng lợi áp đảo trong trận Ourique, và ngay sau đó được các binh sĩ nhất trí tôn là Quốc vương Bồ Đào Nha. Sự kiện này theo truyền thống được cho là thời điểm Bá quốc Bồ Đào Nha từ một thái ấp của Vương quốc Léon trở thành Vương quốc Bồ Đào Nha độc lập. Afonso được Quốc vương Alfonso VII của León công nhận vào năm 1143, và đến năm 1179 thì được Giáo hoàng Alexander III công nhận.",
vihallu_train_1477,intrinsic,no,intrinsic→no,khac,False,False,False,False,False,False,False,True,0.5857308773361166,0.27259870384861684,0.5857308773361166,0.3131321734874998,0.10113694917638355,3,119,25,0.76,unknown,Ireland có mấy đội tuyển quốc gia môn bóng bầu dục?,"Ireland có hai đội tuyển quốc gia môn bóng bầu dục, một cho mỗi miền, thi đấu riêng biệt trong các giải đấu quốc tế.","Ireland có một đội tuyển quốc gia chung trong môn bóng bầu dục, và có hiệp hội chung là Liên đoàn Bóng bầu dục Ireland (IRFU). Đội tuyển bóng bầu dục Ireland thi đấu tại tất cả các mùa giải vô địch thế giới, từng nhiều lần vào đến tứ kết. Ireland từng đăng cai giải vô địch bóng bầu dục thế giới trong các năm 1991 và 1999. Bóng bầu dục Ireland ngày càng tăng tính cạnh tranh ở cả cấp quốc tế và địa phương từ khi môn thể thao này được chuyên nghiệp hoá vào năm 1994. Ngoài ra, Ireland ngày càng thành công tại giải vô địch bóng bầu dục sáu quốc gia châu Âu.",
vihallu_train_2236,intrinsic,no,intrinsic→no,chep_lai_ma_sai,False,False,True,False,False,True,False,False,0.8542493282892284,0.7526432023443519,0.8542493282892284,0.04414454576589516,0.10160612594487653,6,158,36,0.8333333333333334,unknown,Nhằm phát triển sân golf Trump đã cố gắng ngăn chặn việc xây dựng nhà máy gì?,"Trump đã cố gắng ngăn chặn việc xây dựng nhà máy điện mặt trời trong tầm nhìn của sân golf của mình, nhưng nỗ lực này đã bị bác bỏ bởi Toà án Tối cao Anh.","Tháng 12 năm 2015, nỗ lực của Trump nhằm ngăn chặn việc xây dựng nhà máy điện gió trong tầm nhìn của sân golf đã bị bác bỏ bởi năm thẩm phán Toà án Tối cao Anh, trong vụ kiện giữa Công ty TNHH Trump International Golf Club Scotland và Chính phủ Scotland. Cựu Thủ tướng Scotland Alex Salmond bình luận Trump là ""kẻ thua cuộc ba lần"". Một người phát ngôn của Trump Organization đáp lại bình luận của Salmond: ""Có ai quan tâm ông ta nghĩ gì không? Ông ta hết thời rồi và hoàn toàn chẳng liên quan gì. Bằng chứng là ông ấy còn chẳng biết điều gì đang xảy ra ở chính cơ quan của mình... Ông ấy nên tiếp tục làm những gì mà ông ấy làm tốt nhất: khai trương mấy tấm chân dung hoa mỹ của mình để thổi phồng thêm cái tôi cá nhân vốn dĩ đã to tướng"".",
vihallu_train_2541,intrinsic,no,intrinsic→no,phan_van,False,False,False,False,False,False,True,False,0.5043882395125725,0.05783037645850708,0.5043882395125725,0.4465578630540654,0.04905389743336201,7,193,40,0.725,unknown,"Vì các thành viên quốc hội thường phớt lờ cử tri trong khu vực bầu cử, trách nhiệm chính của họ có phải là chỉ tập trung vào việc chuẩn bị và xem xét các dự luật mà thôi không?","Các thành viên quốc hội chủ yếu tập trung vào việc chuẩn bị và xem xét các dự luật, vì họ thường phớt lờ cử tri và không dành nhiều thời gian để giải quyết các vấn đề của họ.","Một trong những chức trách chính của thượng nghị sĩ hoặc dân biểu là phục vụ cử tri trong khu vực bầu cử. Các nghị sĩ thường nhận hàng ngàn lá thư, cuộc gọi, và e-mail từ cử tri để bày tỏ quan điểm, hoặc sự bất bình đối với lập trường hoặc phiếu bầu của nghị sĩ ấy tại quốc hội. Nhiều cử tri yêu cầu họ giải quyết các khó khăn, hoặc giải đáp thắc mắc. Các thành viên quốc hội đều cố xây dựng một hình ảnh tích cực tại các hạt bầu cử, thay vì để cử tri than phiền về mình. Như thế, trách nhiệm của họ là đáp ứng, xông xáo để giúp đỡ cử tri lúc họ gặp nhiều phiền phức khi tiếp cận bộ máy hành chính. Đây là lúc các nghị sĩ quốc hội và nhân viên của họ thực thi chức năng thanh tra nhà nước cấp liên bang. Trong thực tế, chức trách không chính thức này ngày càng làm tiêu tốn nhiều thì giờ mà các nghị sĩ có thể dành cho việc chuẩn bị hoặc xem xét các dự luật.",
vihallu_train_2752,intrinsic,no,intrinsic→no,phan_van,False,False,False,False,False,False,True,False,0.40043771947227397,0.07691444156574978,0.40043771947227397,0.27603900262120173,0.3235232779065242,2,115,52,0.75,unknown,"Tiếng nói được đài phát thanh Bagdad truyền đi sau đợt công kích đầu tiên vào ngày 17 tháng 1 năm 1991, trong ""Chiến dịch bão táp sa mạc"" do Liên Xô dẫn đầu, là của ai?","Tiếng nói được đài phát thanh Bagdad truyền đi sau đợt công kích đầu tiên vào ngày 17 tháng 1 năm 1991, trong ""Chiến dịch bão táp sa mạc"" do Liên Xô dẫn đầu, là của Saddam Hussein. Điều thú vị là, giọng nói này được truyền đi từ một hầm trú","Một ngày sau thời hạn chót do Nghị quyết của Liên Hiệp Quốc đặt ra, liên minh tung ra một cuộc tấn công không quân ồ ạt với mật danh ""Chiến dịch bão táp sa mạc"" với hơn 1.000 lần xuất kích một ngày, bắt đầu từ sáng sớm ngày 17 tháng 1 năm 1991. Năm tiếng đồng hồ sau những cuộc tấn công đầu tiên, đài phát thanh quốc gia Bagdad phát đi một giọng nói được xác định là của Saddam Hussein tuyên bố rằng ""Cuộc chiến vĩ đại, cuộc chiến của mọi cuộc chiến đã bắt đầu. Bình minh thắng lợi đã rất gần khi cuộc thử thách cuối cùng đã đến.""",
vihallu_train_3597,intrinsic,no,intrinsic→no,tu_tin_sai,False,False,False,False,False,True,False,False,0.7297238638370449,0.5227244773324441,0.7297238638370449,0.06327674965835416,0.2069993865046008,3,119,41,0.7317073170731707,unknown,"Mục đích của các cuộc biểu tình của sinh viên ở Hà Nội là để ủng hộ Bảo Đại duy trì quyền lực và phản đối sự can thiệp của Việt Minh, đúng không?","Đúng vậy, mục đích của các cuộc biểu tình của sinh viên ở Hà Nội là để ủng hộ Bảo Đại duy trì quyền lực và phản đối việc thành lập nền cộng hòa dưới sự bảo trợ của Việt Minh.","Ở Hà Nội, các sinh viên cánh tả tổ chức biểu tình với danh nghĩa Tổng hội sinh viên kêu gọi Bảo Đại thoái vị, thành lập nền cộng hòa dưới sự bảo trợ của Việt Minh, yêu cầu Việt Minh thảo luận với tất cả các đảng phái để thành lập chính phủ lâm thời, đồng thời kêu gọi nhân dân và các đảng phái ủng hộ chính phủ Lâm thời bảo vệ nền độc lập của đất nước. Việt Minh phát động công nhân, người dân cướp chính quyền trên toàn quốc. Trước áp lực đó, Bảo Đại mời Việt Minh thành lập một chính phủ mới dưới quyền ông thay thế chính phủ Trần Trọng Kim.",
vihallu_train_4333,intrinsic,no,intrinsic→no,chep_lai_ma_sai,False,False,True,False,False,False,False,False,0.5982304361126415,0.27854710051231074,0.5982304361126415,0.31968333560033074,0.0820862282870278,3,164,48,0.8125,unknown,"Dưới sự bảo trợ của phong trào Dân chủ Jackson, Mỹ đã mở rộng lãnh thổ đến vùng Louisiana, điều này có phải đã dẫn đến việc chấp nhận nền văn hóa châu Âu và thúc đẩy chủ nghĩa nô lệ ở các tiểu bang miền Bắc vào năm 1804 không?",Mỹ mở rộng lãnh thổ dưới phong trào Dân chủ Jackson không dẫn đến việc chấp nhận nền văn hóa châu Âu hay thúc đẩy chủ nghĩa nô lệ ở miền Bắc vào năm 1804. Chủ nghĩa nô lệ đã bị bãi bỏ ở miền Bắc năm đó.,"Dưới sự bảo trợ của phong trào Dân chủ Jefferson, và Dân chủ Jackson, nước Mỹ mở rộng đến vùng đất mua Louisiana và thẳng đường đến California và xứ Oregon, tìm kiếm đất rẻ cho các nông gia Yeoman và chủ nô - những người cổ vũ cho nền dân chủ và mở rộng lãnh thổ bằng giá bạo lực và khinh miệt nền văn hóa châu Âu. Sự mở rộng lãnh thổ dưới chiêu bài vận mệnh hiển nhiên là một sự bác bỏ lời khuyên của đảng Whig muốn thúc đẩy chiều sâu và hiện đại hóa nền kinh tế - xã hội hơn là việc chỉ mở rộng lãnh thổ địa lý. Chủ nghĩa nô lệ bị bãi bỏ tại tất cả các tiểu bang miền Bắc (phía bắc đường Mason-Dixon phân chia Pennsylvania và Maryland) vào năm 1804, nhưng lại phát triển mạnh tại các tiểu bang miền Nam vì nhu cầu lớn về bông vải tại châu Âu.",
vihallu_train_4386,intrinsic,no,intrinsic→no,tu_tin_sai,False,False,False,False,False,True,False,False,0.7236809858635423,0.48460292117903325,0.7236809858635423,0.23907806468450912,0.037240949451948495,3,135,21,0.7727272727272727,unknown,"Đấu trường La Mã được xây dựng vào thế kỷ 2 trước Công nguyên, phải không?","Đấu trường La Mã được xây dựng từ năm 70-80 sau Công nguyên, không phải thế kỷ 2 trước Công nguyên.","Một trong những biểu tượng của Roma là Đấu trường La Mã (xây dựng từ năm 70-80 trước Công nguyên), một khán đài vòng cung ngoài trời lớn nhất từng được xây dựng trong Đế chế La Mã. Sức chứa ban đầu của khán đài là 60.000 khán giả, và không gian này được sử dụng cho những cuộc tranh tài của các võ sĩ giác đấu. Các di tích và địa điểm nổi tiếng của La Mã cổ đại bao gồm Hội trường La Mã (Roman Forum), tòa nhà Domus Aurea, đền Parthenon, Cột Trajan, Chợ Trajan, hầm mộ, sân vận động Massimo, nhà tắm công cộng Terme di Caracalla, Lâu đài Thiên thần, Lăng mộ Augustus, Pacis Ara, Khải hoàn môn Costantino, Kim tự tháp Cestius và bức tượng khắc Bocca della Verità.",
vihallu_train_5023,intrinsic,no,intrinsic→no,chep_lai_ma_sai,False,False,True,False,False,True,False,False,0.8230146169628042,0.7082860704516376,0.8230146169628042,0.11472854651116657,0.06225683652602921,4,139,31,0.875,unknown,"Lần đầu Berzelius cô lập được zirconi ở dạng không tinh khiết là vào năm 1824, nhưng ông đã thực hiện điều này bằng cách sử dụng một kỹ thuật mà Humphry Davy đã thành công trước đó, đúng không?","Không đúng. Berzelius cô lập zirconi ở dạng không tinh khiết vào năm 1824 bằng cách nung hỗn hợp kali và florua zirconi-kali, không phải bằng kỹ thuật của Humphry Davy.","Khoáng vật zircon chứa zirconi hay các biến thể của nó (như jargoon, hyacinth, jacinth, ligure), được đề cập tới trong các văn bản của Kinh Thánh. Khoáng vật này đã không được biết như là có chứa một nguyên tố mới cho tới tận khi Klaproth phân tích mẫu jargoon từ đảo Ceylon ở Ấn Độ Dương.Ông đặt tên cho ngyên tố mới này là Zirkonerde (zirconia). Humphry Davy đã cố gắng cô lập nguyên tố mới này vào năm 1808 bằng điện phân, nhưng thất bại. Zirconi (từ tiếng Syriac zargono, tiếng Ả Rập zarkûn từ tiếng Ba Tư zargûn زرگون nghĩa là ""giống như vàng"") lần đầu tiên được Berzelius cô lập ở dạng không tinh khiết vào năm 1824 bằng cách nung nóng hỗn hợp kali và florua zirconi-kali để phân hủy trong ống sắt.",
vihallu_train_5438,intrinsic,no,intrinsic→no,chep_lai_ma_sai,False,False,True,False,False,True,False,False,0.8469400916668909,0.7004831216179522,0.8469400916668909,0.14645697004893865,0.00660293828417043,5,154,13,0.9285714285714286,unknown,Algarve dẫn đầu với dố lượng khách nghỉ qua đêm là bao nhiêu?,"Algarve dẫn đầu với số lượng khách nghỉ qua đêm là 4,2 triệu.","Theo số liệu năm 2016, hầu hết du khách nghỉ trong các khách sạn tại Lisboa (6,3 triệu), Porto và miền bắc (4,4 triệu), Algarve (4,2 triệu), miền trung (3,2 triệu), Madeira (1,5 triệu), Alentejo (1,2 triệu), và Açores (0,5 triệu). Algarve và Lisboa dẫn đầu về số khách nghỉ qua đêm. Xét riêng du khách ngoại quốc, độ phổ biến lần lượt là Lisboa (4,41 triệu), Algarve (3,01 triệu), miền bắc (2,08 triệu), miền trung (1,23 triệu), Madeira (1,19), Alentejo (0,37), và Açores. Và đối với du khách nội địa, độ phổ biến lần lượt là miền bắc (2,28 triệu), miền trung (1,99), Lisboa (1,87 triệu), Algarve (1,18), Alentejo (0,80), Madeira (0,29) và Açores (0,27). Năm 2015, có 11,36 triệu du khách nước ngoài đến Bồ Đào Nha, so với 8,1 triệu vào năm 2011, đa số du khách đến từ châu Âu, đặc biệt là Anh, Pháp, Tây Ban Nha và Đức",
vihallu_train_5556,intrinsic,no,intrinsic→no,khac,False,False,False,False,False,False,False,True,0.5061563067078972,0.14956577382113195,0.5061563067078972,0.3565905328867653,0.13725316040533747,5,161,30,0.75,unknown,Triết học Hy Lap có vai trò nhứ the nao vơi than hoc Ki-to giao?,Triết học Hy Lạp hoàn toàn không liên quan đến thần học Ki-tô giáo và không được sử dụng để giải thích bất kỳ mầu nhiệm nào của Ki-tô giáo.,"Thần học Ki-tô giáo sở hữu 1 nền tảng vô cùng vững chắc, đó là triết học Hy Lạp. Khi Ki-tô giáo vượt ra ngoài biên giới của đất nước Do Thái để vươn đến những vùng đất mới, Ki-tô giáo đã đối mặt với triết học Hy Lạp. Để rao giảng thành công tín lý Ki-tô giáo cũng như để thuyết phục người ngoại giáo đến với giáo hội, các giáo phụ thời kỳ đầu đã can đảm sử dụng triết học Hy Lạp để giải thích các mầu nhiệm Ki-tô giáo. Triết học Hy Lạp cung cấp các thuật ngữ, triết lý để các nhà tư tưởng Ki-tô giáo trình bày thần học; ví dụ khái niệm Logos của Heraclitus và thuyết ý niệm của Plato đã được sử dụng để giải thích mầu nhiệm nhập thể của Ngôi Lời. Do đó, triết học Hy Lạp đã trở thành nữ tỳ phục vụ nữ hoàng thần học Ki-tô giáo.",
vihallu_train_5569,intrinsic,no,intrinsic→no,khac,False,False,False,False,False,False,False,True,0.5350303037569901,0.14214401384266373,0.5350303037569901,0.3928862899143264,0.07208340632868342,6,288,35,0.7714285714285715,unknown,"Người Trung Quốc và phương Tây, ai là người đầu tiên phát hiện và sử dụng hợp chất Crôm trong luyện kim để tạo ra thép không gỉ vào thời kỳ cổ đại?","Người Trung Quốc là những người đầu tiên sử dụng hợp chất Crôm trong luyện kim vào khoảng 2000 năm trước, trong khi phương Tây chỉ bắt đầu nghiên cứu Crôm vào thế kỷ 18.","Hợp chất Crôm được sử dụng lần đầu tiên bởi người Trung Quốc vào khoảng 2000 năm trước, thuộc triều đại nhà Tần. Cụ thể khi khai quật Lăng mộ Tần Thủy Hoàng người ta đã tìm thấy một số thanh kiếm với lưỡi kiếm được phủ bởi 1 lớp Cr2O3 dày 10-15 micromet, lớp này làm nhiệm vụ bảo vệ thanh kiếm khỏi các tác nhân oxi hóa của môi trường từ bên ngoài trong hơn 2000 năm. Trễ hơn, ở phương Tây, vào năm 1761, khoáng sản Crocoit (ngoài ra còn được biết đến với tên khác là Chì đỏ Siberia) được dùng như 1 chất màu trong hội họa, ở dạng bột vụn thì khoáng sản này có màu vàng, trong khi ở dạng tinh thể thì có màu đỏ. Vào năm 1797, Louis Nicolas Vauquelin đã điều chế thành công Cr kim loại ở dạng đơn chất từ quặng của nó, mặc dù vẫn còn lẫn khá nhiều tạp chất khiến cho kim loại rất giòn, không thể sử dụng vào mục đích thương mại. Thay vào đó quặng Cromic (thành phần chính là FeCr2O4, được biết đến với tên khác là Ferô crôm) được sử dụng nhiều hơn trong các ngành công nghiệp luyện kim, từ quặng Cromic sau khi tinh chế và người ta dùng phản ứng nhiệt nhôm để điều chế Cr. Crôm được coi là 1 kim loại có giá trị cao bởi tính chống ăn mòn tốt, và độ cứng rất cao, nên nó được dùng như 1 nguyên tố điều chất thêm vào thép nhằm cải thiện khả năng chống ăn mòn và tăng độ cứng, thép có thêm Cr được gọi là Thép không gỉ hay Inox.",
vihallu_train_5913,intrinsic,no,intrinsic→no,phan_van,False,False,False,False,False,False,True,False,0.4982942404126581,0.019622516137922374,0.4982942404126581,0.4786717242747357,0.023034035312606286,5,211,31,0.7096774193548387,unknown,"Trong cuôc tranh cư tổng thốg nămm 1936, Roosvelt đã dựa vào lợi thê gì đê tranh cư vơi Alf Landon?","Roosevelt đã dựa vào việc bác bỏ hoàn toàn chương trình New Deal để tranh cử với Alf Landon, cho rằng chính sách này không hiệu quả và gây lãng phí.","Trong cuộc bầu cử tổng thống năm 1936, Roosevelt vận động tranh cử dựa vào các chương trình New Deal của ông chống lại đối thủ Alf Landon, Thống đốc tiểu bang Kansas, là người chấp nhận phần lớn chương trình New Deal nhưng phản bác rằng nó không có lợi cho doanh nghiệp và quá nhiều lãng phí. Roosevelt và Garner chiến thắng với tỉ lệ 60,8% phiếu bầu phổ thông và chiến thắng gần như ở tất cả các tiểu bang, trừ Maine và Vermont. Các đảng viên Dân chủ cũng thắng lớn, thậm chí trở thành khối đa số lớn hơn tại cả hai viện lập pháp của Quốc hội. Roosevelt được hậu thuẫn bởi một liên minh cử tri gồm các đảng viên Dân chủ truyền thống trên toàn quốc, các nông gia nhỏ, cư dân miền Nam Hoa Kỳ, người công giáo La Mã, các cỗ máy thành phố lớn, các liên đoàn lao động, người Mỹ gốc châu Phi ở miền bắc, người Do Thái, giới trí thức và người theo chủ nghĩa tự do chính trị. Liên minh này thường được gọi là Liên minh New Deal, phần lớn không thay đổi sự hậu thuẫn cho đảng Dân chủ cho đến thập niên 1960.",
vihallu_train_6221,intrinsic,no,intrinsic→no,khac,False,False,False,False,False,False,False,True,0.6346266987292158,0.33518312408324047,0.6346266987292158,0.2994435746459754,0.06592972662480891,6,149,19,0.6842105263157895,unknown,Phe nao gianh được thang loi trong dot tan công Tuong Lam cua Co Xươngq?,"Phe nổi loạn ở Tượng Lâm giành được thắng lợi, đánh bại Cổ Xương và quân đội nhà Hán.","Năm 138, Giả Xương, quan thị ngự sử nhà Hán đi sứ phía nam, đã cùng với các quan thái thú trong quận Nhật Nam gom quân dẹp những cuộc nổi loạn ở huyện Tượng Lâm. Sau gần một năm, tất cả đều thất bại, và họ còn bị quân địa phương bao vây hơn cả năm trời. Từ đó nhà Hán mất tin tưởng ở đám quan quân địa phương và chỉ tin dùng quan quân từ Trung Hoa đưa xuống. Năm sau Hán Thuận Đế sai tướng Cổ Xương huy động 40.000 quân ở các châu Kinh, châu Dương, châu Duyên, châu Dự xuống đàn áp cuộc nổi dậy. Cổ Xương bị quân nổi loạn đánh bại, nhà Hán sai một tướng khác là Lý Cố mang viện binh tiếp trợ nhưng Lý Cố viện các lý do để hoãn binh. Cuộc tiến quân bị dừng lại.",
vihallu_train_6333,intrinsic,no,intrinsic→no,khac,False,False,False,False,False,False,False,True,0.5038334373272708,0.2367311726820951,0.5038334373272708,0.22906429802755338,0.2671022646451757,3,147,41,0.6829268292682927,unknown,Vì sao Viện Đại học Chicago ra đời?,"Viện Đại học Chicago ra đời để trở thành một cơ sở giáo dục tôn giáo hàng đầu, nhằm thực hiện sứ mệnh truyền giáo của Hội Giáo dục Baptist Hoa Kỳ và đào tạo các nhà lãnh đạo tôn giáo.","Viện Đại học Chicago được Hội Giáo dục Baptist Hoa Kỳ thành lập vào năm 1890 như một cơ sở giáo dục phi tôn giáo, dành cho cả nam lẫn nữ, với tiền hiến tặng từ tỉ phú dầu lửa John D. Rockefeller và được xây dựng trên phần đất do Marshall Field hiến tặng. Viện đại học này là một cơ sở độc lập về mặt pháp lý; nó thay thế cho viện đại học có cùng tên gọi của những người theo phái Baptist, vốn đã đóng cửa vào năm 1886 vì những khó khăn tài chính và khủng hoảng lãnh đạo triền miên. William Rainey Harper trở thành viện trưởng đầu tiên của viện đại học hiện đại này vào ngày 1 tháng 7 năm 1891, và viện đại học mở cửa đón sinh viên vào học vào ngày 1 tháng 10 năm 1892.",
vihallu_train_6569,intrinsic,no,intrinsic→no,chep_lai_ma_sai,False,False,True,False,False,False,False,False,0.6113734164396335,0.26082290129103286,0.6113734164396335,0.35055051514860064,0.038076068411765855,4,98,34,0.8529411764705882,unknown,"Sân vận động Neo GSZ có phải là sân vận động lớn nhất tại Síp, nơi tổ chức các trận đấu của đội bóng nổi tiếng như AEL Limassol hay APOEL Nicosia FC không?",Sân vận động Neo GSZ là sân vận động lớn nhất tại Síp và là nơi tổ chức các trận đấu của các đội bóng nổi tiếng như AEL Limassol và APOEL Nicosia FC.,"Bóng đá là môn thể thao được ưa chuộng nhất. Các đội bóng nổi tiếng gồm AEL Limassol, APOLLON FC, Anorthosis Famagusta FC, AC Omonia, Apollon Ladies, Nea Salamina Famagusta, AEK Larnaca và APOEL Nicosia FC. Các sân vận động hay các địa điểm thi đấu thể thao tại Síp gồm Sân vận động GSP (lớn nhất tại Síp), Sân vận động Makario, Sân vận động Neo GSZ, Sân vận động Antonis Papadopoulos, Sân vận động Ammochostos và Sân vận động Tsirion. Cyprus Rally cũng là sự kiện xuất hiện trên lịch thi đấu của World Rally Championship.",
vihallu_train_6592,intrinsic,no,intrinsic→no,khac,False,False,False,False,False,False,False,True,0.6504465705308463,0.4466944817713404,0.6504465705308463,0.2037520887595059,0.14580134070964784,5,150,33,0.7647058823529411,unknown,Ke hoach thnah lap Viện Milotn Friedamn đươc đưa ra vao thoi gian nao?,"Kế hoạch thành lập Viện Milton Friedman được đưa ra vào năm 2010, hai năm sau khi nhà đầu tư David G. Booth hiến tặng 300 triệu đô-la cho Trường Kinh doanh Booth.","Trong thập niên vừa qua, viện đại học đã khởi sự một số các dự án mở rộng. Năm 2008, Viện Đại học Chicago thông báo kế hoạch thiết lập Viện Milton Friedman; dự án này thu hút cả sự ủng hộ lẫn tranh cãi từ cả giảng viên và sinh viên. Viện này sẽ tốn khoảng 200 triệu đô-la và chiếm cứ các tòa nhà của Chủng viện Thần học Chicago. Trong cùng năm đó, nhà đầu tư David G. Booth hiến tặng 300 triệu đô-la cho Trường Kinh doanh Booth của viện đại học; đây là khoản hiến tặng lớn nhất trong lịch sử viện đại học và là khoản lớn nhất tặng cho một trường kinh doanh. Năm 2009, việc thiết kế hay xây dựng một số tòa nhà mới được tiến hành, một nửa trong số các công trình đó tốn không dưới 100 triệu đô-la.",
vihallu_train_6763,intrinsic,no,intrinsic→no,chep_lai_ma_sai,False,False,True,False,False,False,False,False,0.466457192442473,0.1472249316954901,0.466457192442473,0.3192322607469829,0.214310546810544,15,426,43,0.8666666666666667,unknown,"Cuộc hội nghị của Việt Minh, Việt Cách và Việt Quốc được tổ chức vào ngày nào, khi mà Hồ Chí Minh đã từ chối mọi đề xuất hợp tác với Việt Quốc và Việt Cách?","Cuộc hội nghị của Việt Minh, Việt Cách và Việt Quốc được tổ chức vào ngày 23/12/1945, khi Hồ Chí Minh đã đồng ý mọi đề xuất hợp tác với Việt Quốc và Việt Cách, đảm bảo sự thống nhất giữa các bên.","Ngày 23/12/1945, Tướng Tiêu Văn tổ chức một cuộc họp hòa giải các bên để thành lập chính phủ liên hiệp. Tại cuộc họp này, Nguyễn Hải Thần đề nghị Hồ Chí Minh hợp tác với Việt Quốc, Việt Cách thành lập một chính phủ bao gồm thành viên của Việt Quốc, Việt Cách, Việt Minh và các đảng phái nhỏ khác. Nguyễn Hải Thần sẽ đảm nhận chức Chủ tịch nước, Hồ Chí Minh làm Phó Chủ tịch. Việt Quốc, Việt Cách, Việt Minh, mỗi đảng nắm giữ 1/4 số ghế Bộ trưởng trong Chính phủ; 1/4 còn lại do các đảng phái nhỏ nắm. Như vậy Việt Minh và chính phủ Việt Nam Dân chủ Cộng hòa sẽ nhận được sự ủng hộ của Trung Hoa Dân quốc chống lại cố gắng của Pháp tái chiếm Việt Nam. Điều làm Quốc dân Đảng Trung Hoa lo sợ nhất là Hồ Chí Minh từng là nhân viên của Quốc tế Cộng sản và Việt Minh có khuynh hướng cộng sản. Trước đó, Pháp cũng đã họp với Nguyễn Hải Thần và cho biết Pháp sẽ thực hiện Bản Tuyên bố ngày 24 tháng 3 năm 1945 và công nhận một chính phủ của người Việt Nam nằm trong Liên bang Đông Dương thuộc Liên hiệp Pháp với điều kiện chính phủ đó không do người cộng sản lãnh đạo. Cuối cùng các bên đạt được một thỏa thuận được tuyên bố là mang tính pháp lý (viết bằng chữ Hán) theo đó các ghế bộ trưởng trong chính phủ sẽ phân chia như sau: Việt Minh 2 bộ trưởng, Đảng Dân chủ Việt Nam (cũng tham gia Việt Minh) 2 bộ trưởng, Việt Quốc 2 bộ trưởng, Việt Cách 2 bộ trưởng, phi đảng phái 2 bộ trưởng. Thỏa thuận này không sử dụng tên nước Việt Nam Dân chủ Cộng hòa vì Việt Quốc không đồng ý với tên này. Cuộc bầu cử quốc hội được hoãn 2 tuần. Vũ Hồng Khanh và Nguyễn Hải Thần chấp nhận để Hồ Chí Minh tiếp tục làm chủ tịch nước lâm thời. Quốc hội sẽ quyết định quốc kỳ và quốc huy. Hai đảng này cũng không được tham gia vào cơ quan chỉ huy và tham mưu của quân đội. Việt Quốc sẽ được 50 ghế còn Việt Cách 20 ghế trong Quốc hội mà không phải tranh cử. Điều này khẳng định với nhiều người rằng 2 đảng phái này không có khả năng giành chiến thắng trong cuộc bầu cử tại địa phương.",
vihallu_train_6943,intrinsic,no,intrinsic→no,phan_van,False,False,False,False,False,False,True,False,0.4574437590687824,0.04385267351078126,0.4574437590687824,0.4135910855580011,0.12896515537321657,6,143,39,0.717948717948718,unknown,Múc dích cua việc thám hiểm Băc Mỹ xưa ki la dể tìm gi của loài hái ly?,"Mục đích của việc thám hiểm Bắc Mỹ xưa kia là để tìm kiếm thịt của loài hải ly, vì nó được coi là một nguồn thực phẩm quý giá cho người bản thổ và những dân định cư.","Hải ly thường bị đánh bẫy để lấy da. Suốt đầu thế kỷ 19, việc đánh bẫy đã làm tuyệt chủng loài thú này khỏi các vùng lớn nơi sinh sống gốc của chúng. Tuy nhiên sau khi được bảo vệ, cấm săn bắt, hải ly châu Mỹ gần như hoàn toàn sinh sôi trở lại vào thập niên 1940. Da hải ly được dùng làm quần áo và mũ. Việc thám hiểm Bắc Mỹ xưa kia có chủ đích là tìm da của loài thú này. Người bản thổ và những dân định cư kia xưa cũng ăn thịt loài thú này. Số lượng hải ly hiện tại được ước đoán có khoảng 10 đến 15 triệu con; có ước tính nói rằng số lượng hải ly châu Mỹ có lẽ vào một thời điểm nào đó lên đến 90 triệu con.",
vihallu_train_708,intrinsic,no,intrinsic→no,chep_lai_ma_sai,False,False,True,False,False,False,False,False,0.6387540599612148,0.3170858053663175,0.6387540599612148,0.32166825459489734,0.03957768544388788,10,360,48,0.9791666666666666,unknown,"Giới lãnh đạo người Síp Thổ Nhĩ Kỳ cam kết điều gì như một mục tiêu chính trị, mặc dù Hiến pháp năm 1960 quy định rằng chỉ có Tổng thống Síp Hy Lạp mới có quyền phủ quyết các quyết định hành pháp và lập pháp?","Giới lãnh đạo người Síp Thổ Nhĩ Kỳ cam kết coi sự chia rẽ về địa lý và tự nhiên giữa các cộng đồng như một mục tiêu chính trị, bất chấp quy định về quyền phủ quyết của Tổng thống Síp Hy Lạp trong Hiến pháp 1960.","Hiến pháp năm 1960 quy định một hệ thống chính phủ tổng thống với các nhánh hành pháp, lập pháp và tư pháp riêng biệt, cũng như một hệ thống kiểm tra và cân bằng phức tạp, gồm một tỷ lệ chia sẻ quyền lực đã được tính trước để bảo vệ các quyền lợi của người Síp Thổ Nhĩ Kỳ. Nhánh hành pháp, do một Tổng thống Síp Hy Lạp và một Phó tổng thống Síp Thổ Nhĩ Kỳ đứng đầu. Hai người này được các cộng đồng của mình bầu lên với nhiệm kỳ năm năm và mỗi người đều có quyền phủ quyết với một số kiểu quyết định hành pháp và lập pháp. Quyền lập pháp thuộc Nghị viện, với các đại biểu cũng được bầu lên trên căn bản đầu phiếu. Từ năm 1964, sau những cuộc xung đột giữa hai cộng đồng, các ghế của người Síp Thổ Nhĩ Kỳ trong nghị viện bị bỏ trống. Người Síp Thổ Nhĩ Kỳ từ chối thành lập bộ nội vụ trước cuộc xâm lược Síp trong nỗ lực nhằm phân chia Cộng hoà Síp về pháp lý. Điều này là rõ ràng trong báo cáo của Tổng thư ký Liên hiệp quốc ở thời điểm ấy. Các lãnh đạo người Síp Thổ Nhĩ Kỳ đã gia nhập vào một lập trường cứng rắn chống lại mọi biện pháp có thể khiến các thành viên của hai cộng đồng sống và làm việc cùng nhau, hay có thể đặt người Síp Thổ Nhĩ Kỳ vào các tình huống theo đó họ sẽ phải chấp nhận quyền lực của các cơ quan chính phủ. Quả thực, bởi giới lãnh đạo người Síp Thổ Nhĩ Kỳ cam kết coi sự chia rẽ về địa lý và tự nhiên giữa các cộng đồng như một mục tiêu chính trị, dường như các hành động được người Síp Thổ Nhĩ Kỳ khuyến khích khó có thể được coi là sự thể hiện các dấu hiệu của một chính sách mới. Kết quả dường như là một chính sách tự chia rẽ một cách thận trọng của người Síp Thổ Nhĩ Kỳ",
vihallu_train_942,intrinsic,no,intrinsic→no,prompt_noisy,True,False,True,False,False,False,False,False,0.5567828131229525,0.12107452994774603,0.5567828131229525,0.4357082831752065,0.007508903701840856,5,154,17,0.9411764705882353,noisy,Hai thanh pho nao dan dau ve so luong khach nghi qua demz?,Porto và Madeira dẫn đầu về số lượng khách nghỉ qua đêm theo số liệu năm 2016.,"Theo số liệu năm 2016, hầu hết du khách nghỉ trong các khách sạn tại Lisboa (6,3 triệu), Porto và miền bắc (4,4 triệu), Algarve (4,2 triệu), miền trung (3,2 triệu), Madeira (1,5 triệu), Alentejo (1,2 triệu), và Açores (0,5 triệu). Algarve và Lisboa dẫn đầu về số khách nghỉ qua đêm. Xét riêng du khách ngoại quốc, độ phổ biến lần lượt là Lisboa (4,41 triệu), Algarve (3,01 triệu), miền bắc (2,08 triệu), miền trung (1,23 triệu), Madeira (1,19), Alentejo (0,37), và Açores. Và đối với du khách nội địa, độ phổ biến lần lượt là miền bắc (2,28 triệu), miền trung (1,99), Lisboa (1,87 triệu), Algarve (1,18), Alentejo (0,80), Madeira (0,29) và Açores (0,27). Năm 2015, có 11,36 triệu du khách nước ngoài đến Bồ Đào Nha, so với 8,1 triệu vào năm 2011, đa số du khách đến từ châu Âu, đặc biệt là Anh, Pháp, Tây Ban Nha và Đức",
vihallu_train_1096,no,extrinsic,no→extrinsic,tu_tin_sai,False,False,False,False,False,True,False,False,0.8564735858834055,0.7606461759959147,0.0476990042291037,0.0958274098874908,0.8564735858834055,6,122,55,0.6363636363636364,unknown,"Nghệ thuật truyền thống của Malaysia chủ yếu liên quan đến các điêu khắc đá khổng lồ và tranh sơn dầu, đúng hay sai?","Sai. Nghệ thuật truyền thống Malaysia không tập trung vào điêu khắc đá khổng lồ và tranh sơn dầu. Thay vào đó, nó nổi bật với nghệ thuật dệt vải như batik và songket, cùng với các mặt nạ gỗ của người bản địa. Hơn nữa, Malaysia cũng có những ảnh hưởng từ nghệ thuật","Nghệ thuật truyền thống Malaysia chủ yếu tập trung quanh các lĩnh vực chạm khắc, dệt và bạc. Nghệ thuật truyền thống có phạm vi từ những giỏ đan thủ công tại vùng nông thôn cho đến ngân sức của các triều đình Mã Lai. Các đồ nghệ thuật phổ biến vao gồm dao găm (kris) trang sức, bộ giã hạt cau, vải dệt batik và songket. Người bản địa tại Đông Malaysia nổi tiếng với các mặt nạ bằng gỗ. Mỗi dân tộc có nghệ thuật trình diễn riêng biệt, có ít sự trùng lặp giữa họ. Tuy nhiên, nghệ thuật Mã Lai thể hiện một số ảnh hưởng của Bắc Ấn Độ do ảnh hưởng lịch sử của Ấn Độ.",
vihallu_train_1182,no,extrinsic,no→extrinsic,tu_tin_sai,False,False,False,False,False,True,False,False,0.7735485632931363,0.5913941913451213,0.04429706475884881,0.182154371948015,0.7735485632931363,4,189,47,0.46808510638297873,unknown,"Birmingham phát triển mạng lưới lò rèn và lò luyện ở châu Á, đúng không?","Birmingham phát triển mạng lưới lò rèn và lò luyện chủ yếu ở châu Âu, với sự mở rộng đáng kể vào các khu vực như Nam Wales và Cheshire, nhưng không có bằng chứng cho thấy sự mở rộng đến châu Á trong thời kỳ này.","Tầm quan trọng của sản xuất hàng sắt đối với kinh tế Birmingham được công nhận ngay từ năm 1538, và phát triển nhanh chóng theo tiến bộ thế kỷ. Cũng quan trọng ngang bằng là việc thị trấn vươn lên thành một trung tâm của các thương gia hàng sắt, họ tổ chức tài chính, cung cấp nguyên liệu thô và giao dịch cùng với tiếp thị sản phẩm công nghiệp. Đến những năm 1600, Birmingham trở thành trung tâm thương mại của một mạng lưới lò rèn và lò luyện trải dài từ Nam Wales đến Cheshire và thương gia của địa phương bán các hàng hoá thành phẩm xa đến Tây Ấn. Các liên kết mậu dịch này khiến cho các nhà luyện kim của Birmingham tiếp cận được thị trường rộng hơn nhiều, cho phép họ đa dạng hoá bằng việc rời xa khỏi các nghề kỹ năng thấp vốn dĩ sản xuất hàng hoá cơ bản phục vụ giao dịch tại địa phương, để hướng đến một phạm vi lớn hơn gồm các hoạt động chuyên biệt, kỹ năng cao và sinh lợi hơn.",
vihallu_train_2429,no,extrinsic,no→extrinsic,phan_van,False,False,False,False,False,False,True,False,0.3901296085995674,0.03267651040741687,0.35745309819215054,0.25241729320828193,0.3901296085995674,5,162,44,0.7727272727272727,unknown,"Hầu hết các loài lưỡng cư đẻ trứng ở biển, phải không?","Không, hầu hết các loài lưỡng cư đẻ trứng trong các vực nước ngọt như ao, hồ, hoặc suối. Chỉ một số ít loài, chẳng hạn như vài loài ếch sống trong đầm lầy ngập mặn, có thể sinh sản ở vùng nước lợ.","Liên lớp động vật bốn chân (Tetrapoda) được chia thành 4 lớp gồm các loài động vật có 4 chi. Bò sát, chim và thú là các động vật có màng ối, trứng của chúng được đẻ ra ngoài hoặc mang trong cơ thể con cái và được bao bọc xung quanh bởi nhiều màng, một vài trong số đó vẫn chưa thể hiểu hết được. Thiếu các màng này, động vật lưỡng cư cần có các vực nước để sinh sản, mặc dù vài loài đã phát triển qua nhiều giai đoạn khác nhau để bảo vệ hoặc bỏ qua giai đoạn ấu trùng ở trong nước dễ bị tổn thương. Chúng không có mặt ở biển trừ một hoặc 2 loài ếch sống trong vùng nước lợ của các đầm lầy ngập mặn. Trên đất liền, các động vật lưỡng cư sống giới hạn trong các môi trường ẩm ướt do chúng cần phải giữ cho da của chúng ẩm.",
vihallu_train_2620,no,extrinsic,no→extrinsic,khac,False,False,False,False,False,False,False,True,0.5396592769308114,0.24411369805639083,0.1647951441947679,0.29554557887442057,0.5396592769308114,4,146,43,0.4883720930232558,unknown,Xung đột vũ trang năm 1991 đã tấn công vào đâu?,"Cuộc xung đột vũ trang năm 1991 đã tấn công vào các thành phố lớn của Gruzia, gây thiệt hại lớn cho cơ sở hạ tầng đô thị và dẫn đến cuộc di cư hàng loạt ra khỏi các khu vực thành thị.","Xung đột vũ trang bùng phát hồi cuối năm 1991 trong đó nhiều làng mạc Nam Ossetia đã bị tấn công và đốt phá tương tự như nhiều ngôi nhà và trường học của người Gruzia tại Tskhinvali, thủ đô của Nam Ossetia. Hậu quả, xấp xỉ 1.000 người chết và khoảng 100.000 người Ossetia đã phải bỏ chạy khỏi lãnh thổ Gruzia, đa số qua biên giới vào Bắc Ossetia. Khoảng 23.000 người Gruzia khác cũng đã phải rời bỏ Nam Ossetia và định cư tại những khu vực khác ở Gruzia. Nhiều người dân Nam Ossetia đã tái định cư tại những vùng không có người sinh sống ở Bắc Ossetia nơi người Ingush đã bị Stalin trục xuất năm 1944, dẫn tới những cuộc xung đột giữa người Ossetia và người Ingush về quyền sinh sống tại lãnh thổ cũ của người Ingush.",
vihallu_train_2645,no,extrinsic,no→extrinsic,khac,False,False,False,False,False,False,False,True,0.43224369205253493,0.10806796926375584,0.3241757227887791,0.243580585158686,0.43224369205253493,3,192,59,0.7627118644067796,unknown,"Nếu Phòng thí nghiệm FBI chỉ tập trung vào phân tích DNA và sinh vật học, thì tại sao họ không cung cấp dịch vụ nào liên quan đến hóa học hoặc phân tích vật liệu? Ai có quyền sử dụng dịch vụ này?","Phòng Thí nghiệm FBI không chỉ tập trung vào DNA và sinh vật học mà còn có các dịch vụ hóa học và phân tích vật liệu. Ngoài các cơ quan địa phương, liên bang và quốc tế, các tổ chức phi chính phủ cũng có thể tiếp cận dịch vụ này trong một số trường hợp đặc biệt.","Phòng Thí nghiệm FBI được thiết lập từ khi còn Cục chỉ mới là Cục Điều tra, và chuyển về tòa nhà J. Edgar Hoover khi nó hoàn thành vào năm 1974. Phòng thí nghiệm chủ yếu tập trung vào các công việc phân tích DNA, sinh vật học và hoa học tự nhiên. Các dịch vụ trong phòng thí nghiệm bao gồm ""Hóa học"", ""Hệ thống Chỉ số Kết hợp AND""(CODIS), ""Phân tích và Phản ứng Máy tính"", ""Phân tích DNA"", ""Phản ứng Vật chứng"", ""Chất nổ"", ""Súng đạn và nhận diện vũ khí"", ""Âm thanh Pháp lý"", ""Hình ảnh Pháp lý"", ""Phân tích Ảnh"", ""Nghiên cứu Khoa học Pháp lý’’, ""Huấn luyện Khoa học Pháp lý"", ""Phản ứng Vật chất nguy hiểm"", ""Đồ họa Điều tra và Dự đoán"", ""In Chìm"", ""Phân tích Vật liệu"", ""Tài liệu Chất vấn"", ""Hồ sơ Băng đảng"", ""Phân tích Ảnh Đặc biệt"", ""Đồ án Cấu trúc"" và ""Dấu vết Chứng cứ"". Có rất nhiều cơ quan địa phương, liên bang và quốc tế sử dụng dịch vụ của Phòng Thí nghiệm FBI, Phòng còn có một phòng thí nghiệm khác ở Học viện FBI.",
vihallu_train_5489,no,extrinsic,no→extrinsic,tu_tin_sai,False,False,False,False,False,True,False,False,0.9403884597389288,0.8818577558783841,0.001080836400526426,0.05853070386054475,0.9403884597389288,4,143,59,0.4406779661016949,unknown,"Gandhi đã ca ngợi Hitler và Chủ nghĩa Đức Quốc Xã, và ông cho rằng người Do Thái nên cảm ơn Hitler vì đã giúp họ có cơ hội chứng tỏ lòng can đảm của mình. Điều này có đúng không?","Gandhi từng viết thư cho Hitler, gọi ông ta là ""người bạn thân yêu"" và kêu gọi ông theo con đường hòa bình. Tuy nhiên, ông không hề ca ngợi Hitler hay Chủ nghĩa Đức Quốc Xã. Quan điểm của Gandhi về việc người Do Thái đối mặt với bạo lực là gây tranh cãi và bị chỉ tr","Nhiều nhà sử học và chú giải đã phê bình Gandhi vì cái nhìn của ông về Adolf Hitler và Chủ nghĩa Đức Quốc Xã, bao gồm những lời trần thuật là người Do Thái có thể đạt được tình thương của Thượng đế nếu họ sẵn lòng đi đến cái chết như những cảm tử chết vì nghĩa.. Penn và Teller, trong một đoạn của chương trình ""Bullshit!"" (""Holier than Thou""), đã tấn công Gandhi một phần về tính đạo đức giả qua những lập trường tiền hậu bất nhất trí trong khi thực hiện bất bạo lực, thái độ không thích hợp về phía phụ nữ và những lời nói có bản chất kì thị chủng tộc. Gandhi nói trước công chúng tại Mumbai, 26 tháng 9 năm 1896 (Collected Works, quyển II, trang 74) về người châu Phi như sau:",
vihallu_train_6526,no,extrinsic,no→extrinsic,khac,False,False,False,False,False,False,False,True,0.4391510862353284,0.1497666955719053,0.2893843906634231,0.2714645231012485,0.4391510862353284,5,166,48,0.7708333333333334,unknown,"Adversarial Question: Tại Bồ Đào Nha và các thuộc địa của Bồ Đào Nha tại Ấn Độ, Melo đã bãi bỏ chế độ nô lệ và đồng thời áp dụng lại chế độ nô lệ ở một số vùng khác, có đúng không?","Đúng, Sebastião de Melo đã bãi bỏ chế độ nô lệ tại Bồ Đào Nha và trong các thuộc địa của Bồ Đào Nha tại Ấn Độ. Không có thông tin nào trong context về việc ông áp dụng lại chế độ nô lệ ở các vùng khác.","José I kế vị vào năm 1750, do tin trưởng vào Sebastião de Melo, José I giao phó cho ông ta thêm nhiều quyền kiểm soát quốc gia. Do ấn tượng trước thành công kinh tế của người Anh, Melo thi hành thành công các chính sách kinh tế tương tự tại Bồ Đào Nha. Ông bãi bỏ chế độ nô lệ tại Bồ Đào Nha và trong các thuộc địa của Bồ Đào Nha tại Ấn Độ; tái tổ chức lục quân và hải quân; tái tổ chức Đại học Coimbra, và chấm dứt kỳ thị chống các giáo phái Cơ Đốc giáo khác biệt tại Bồ Đào Nha. Cải cách lớn nhất của Sebastião de Melo là về kinh tế và tài chính, ông áp đặt pháp luật nghiêm ngặt lên mọi tầng lớp trong xã hội Bồ Đào Nha, và xét lại hệ thống thuế của quốc gia. Những cải cách này khiến ông trở thành đối thủ của tầng lớp thượng lưu.",
vihallu_train_1023,no,intrinsic,no→intrinsic,tu_tin_sai,False,False,False,False,False,True,False,False,0.739999670944235,0.6004814374288361,0.13951823351539894,0.739999670944235,0.12048209554036593,4,153,36,0.5277777777777778,unknown,"Tại sao Roosevelt lại từ chối họp bàn với Hoover về nền kinh tế, mặc dù đã có một thỏa thuận song phương được ký kết giữa hai bên để trấn an giới đầu tư?","Roosevelt từ chối họp với Hoover vì ông lo ngại rằng điều này có thể sẽ trói buộc ông, mặc dù không có thông tin nào về thỏa thuận song phương được ký kết trong context.","Sau cuộc bầu cử, Roosevelt từ chối lời thỉnh cầu họp bàn với Hoover để thảo ra một chương trình phối hợp nhằm chấm dứt chiều hướng đi xuống của nền kinh tế và trấn an giới đầu tư. Lý do từ chối của ông là điều đó có thể sẽ trói buộc ông. Nền kinh tế lao xuống vực thẳm cho đến khi hệ thống ngân hàng bắt đầu ngưng hoạt động hoàn toàn trên toàn quốc khi nhiệm kỳ tổng thống của Hoover kết thúc. Tháng 2 năm 1933, Roosevelt thoát chết trong một vụ có thể là mưu sát bởi tay súng Giuseppe Zangara (vụ này làm chết Thị trưởng thành phố Chicago là Anton Cermak đang ngồi kế bên ông). Roosevelt gửi thác sự tin cậy của mình vào nhiều nhóm cố vấn khoa bảng của mình, đặc biệt là Raymond Moley khi ông soạn thảo các chính sách.",
vihallu_train_1983,no,intrinsic,no→intrinsic,khac,False,False,False,False,False,False,False,True,0.5601486735285836,0.25969432706951595,0.3004543464590676,0.5601486735285836,0.1393969800123487,4,136,19,0.7368421052631579,unknown,Lĩnh vực Tối ưu hóa toàn cục được Hoàng Tụy tạo ra có tên tiếng Anh là gì?,"Lĩnh vực Tối ưu hóa toàn cục được Hoàng Tụy tạo ra có tên tiếng Anh là ""Global Optimization.""","Trong thời gian gần đây, các nhà khoa học Việt Nam đã có nhiều đóng góp quan trọng trong lĩnh vực nghiên cứu, đáng chú ý nhất là trong toán học. Hoàng Tụy được coi là cha đẻ của lĩnh vực Tối ưu hóa toàn cục (Global Optimization) trong Toán học Ứng dụng của thế kỷ 20, trong khi Ngô Bảo Châu đã giành được Huy chương Fields năm 2010 cho chứng minh của ông về Bổ đề cơ bản cho các dạng tự đẳng cấu do Robert Langlands và Diana Shelstad phỏng đoán. Việt Nam cũng đã có những tiến bộ đáng kể trong việc phát triển robot, chẳng hạn như mô hình hình người máy TOPIO. Năm 2010, tổng chi tiêu của Nhà nước vào khoa học và công nghệ chiếm khoảng 0,45% GDP.",
vihallu_train_2130,no,intrinsic,no→intrinsic,tu_tin_sai,False,False,False,False,False,True,False,False,0.8006042231931669,0.6242844354728793,0.1763197877202877,0.8006042231931669,0.023075989086545262,5,139,38,0.6052631578947368,unknown,"Tại sao cuộc kháng chiến vũ trang đã xảy ra ở Cuba khi Mỹ tuyên bố đặt quyền bảo hộ, trong khi ở Philippines thì không?","Cuộc kháng chiến vũ trang đã không xảy ra ở Cuba sau khi Mỹ tuyên bố đặt quyền bảo hộ, trái ngược với Philippines, nơi có sự phản đối mạnh mẽ hơn, dẫn đến xung đột vũ trang.","Kết quả là cuộc Chiến tranh Tây Ban Nha-Mỹ, trong đó các lực lượng Mỹ đổ bộ xuống Cuba tháng 6 năm 1898 và nhanh chóng đè bẹp sự kháng cự yếu ớt của Tây Ban Nha. Tháng 8 một hiệp ước hòa bình được ký kết theo đó Tây Ban Nha đồng ý rút lui khỏi Cuba. Một số người ủng hộ ý kiến Hoa Kỳ trao trả độc lập cho Cuba, trong khi những người khác muốn sáp nhập lãnh thổ này. Để dàn xếp, chính quyền McKinley đặt Cuba dưới một hiệp ước bảo hộ 20 năm của Hoa Kỳ. Phong trào độc lập tại Cuba phản đối kế hoạch này, nhưng không giống như Philippines, nơi các sự kiện cũng diễn ra tương tự, không hề có cuộc kháng chiến vũ trang nào xảy ra.",
vihallu_train_23,no,intrinsic,no→intrinsic,phan_van,False,False,False,False,False,False,True,False,0.42190174392902774,0.08021570746681367,0.2364122196087581,0.42190174392902774,0.34168603646221407,5,163,53,0.6415094339622641,unknown,"Dựa trên thông tin rằng con người và tinh tinh có số gen giống nhau đến 96%, làm thế nào bạn giải thích sự thật rằng sự khác biệt di truyền giữa hai loài này nhiều gấp 10 lần so với giữa hai người không có quan hệ gì với nhau, trong khi thực tế cho thấy con người và khỉ đột chia sẻ 99% gen giống nhau?","Con người và tinh tinh có sự khác biệt di truyền nhiều hơn do tiến hóa theo con đường khác nhau khoảng 5 triệu năm trước. Mặc dù chia sẻ 96% gen giống nhau, sự khác biệt nhỏ trong gen có thể dẫn đến khác biệt lớn về hình thái và hành vi.","Loài mang quan hệ gần nhất đối với Homo sapiens là loài tinh tinh và loài tinh tinh lùn. So sánh các sơ đồ gen cho kết quả là ""sau 6,5 triệu năm tiến hóa theo những con đường khác nhau, sự khác nhau giữa tinh tinh và con người gấp 10 lần sự khác nhau giữa hai người không có quan hệ gì với nhau nhưng vẫn nhỏ hơn 10 lần so với một con chuột bạch và một con chuột thường"". Tuy nhiên trên thực tế, số gen con người giống tinh tinh đến 96%. Người ta cho rằng con đường tiến hóa giữa con người đã đi theo một hướng khác với tinh tinh vào khoảng 5 triệu năm trong khi đối với khỉ đột là 8 triệu năm. Tuy nhiên, một hộp sọ của loài linh trưởng Sahelanthropus tchadensis được cho là khoảng 7 triệu năm tuổi, có thể nó của một tổ tiên xa hơn của chúng ta.",
vihallu_train_2330,no,intrinsic,no→intrinsic,khac,False,False,False,False,False,False,False,True,0.464007543296494,0.10264833696849535,0.36135920632799867,0.464007543296494,0.17463325037550745,11,360,33,0.8529411764705882,unknown,"Lượng lương thực mà hàng năm Hà Nam xuất sang các tỉnh khác là bao nhiêu, và liệu con số này có vượt quá tổng sản lượng lương thực hàng năm của tỉnh không?","Hà Nam xuất 20 tỉ cân lương thực hàng năm sang các tỉnh khác. Con số này không vượt quá tổng sản lượng lương thực hàng năm của tỉnh, là 104,9 tỉ cân.","Tổng diện tích đất canh tác của tỉnh là 71.792.000 ha, hầu hết nằm trên vùng bình nguyên phía đông Đường sắt Bắc Kinh-Quảng Châu, chỉ có đất nhàn rỗi tại các vùng núi ở phía tây và nam, cũng như các vùng đất nhiễm mặn ở phía đông bắc. Hà Nam là khu vực sản xuất lương thực, bông chủ yếu của Trung Quốc, trong đó sản lượng lúa mì, thuốc lá, vừng đứng ở vị trí đầu tiên. Các loại cây trồng khác là kê cao lương, đỗ tương, đại mạch, ngô, khoai lang, lúa gạo, thiết đậu. Lúa mì có diện tích và sản lượng vượt trội so với các loại cây trồng khác, lúa gạo chỉ chiếm một diện tích nhỏ song tại Hà Nam nó có năng suất gấp ba lần lúa mì. Năm 2007, tổng sản lượng lương thực của Hà Nam là 104,9 tỉ cân, liên tục 8 năm liền đứng đầu Trung Quốc, lượng tăng sản lượng lương thực của Hà Nam cũng chiếm một phần ba lượng tăng sản lượng lương thực cả nước. Mặc dù có dân số rất đông song Hà Nam đã gần như giải quyết được vấn đề cái ăn cho người dân trong tỉnh, mỗi năm còn xuất 20 tỉ cân lương thực sang các tỉnh khác. Việc trồng cây ăn quả cũng phát triển trong những năm gần đây, một phần là nhằm bảo vệ đất, đặc biệt là ở các vùng đất nhàn rỗi. Hồng, táo tây, lê là các loại cây ăn quả chính, ngoài ra còn có óc chó và hạt dẻ. Ở Hà Nam, người ta cũng nuôi các loài động vật lấy sức kéo, chủ yếu là bò vàng và lừa. Lợn là loại gia súc quan trọng nhất, dê và cừu chủ yếu được nuôi ở vùng núi phía tây. Hà Nam là một trong những trung tâm lâu đời nhất của ngành trồng dâu nuôi tằm ở Trung Quốc, sau Chiến tranh, ngành này đã hồi sinh trên các sườn dốc của Phục Ngưu Sơn, và tỉnh đã trở thành một nhà xuất khẩu tơ lụa quan trọng.",
vihallu_train_2471,no,intrinsic,no→intrinsic,khac,False,False,False,False,False,False,False,True,0.4700662292239257,0.20328229517680269,0.26678393404712303,0.4700662292239257,0.2631498367289513,5,185,38,0.6842105263157895,unknown,Người Trung Quốc trước công nguyên đã sử dụng kính viễn vọng để ước lượng độ nghiêng elíp của quỹ đạo trái đất như thế nào?,Người Trung Quốc trước Công Nguyên không sử dụng kính viễn vọng để ước lượng độ nghiêng elíp của quỹ đạo Trái Đất; họ đã thực hiện các quan sát thiên văn mà không cần kính viễn vọng.,"Một số phát hiện thiên văn học đáng chú ý đã được thực hiện trước khi có kính viễn vọng. Ví dụ sự nghiêng elíp được ước tính từ ngay từ năm 1000 trước Công Nguyên bởi các nhà thiên văn học Trung Quốc. Người Chaldean đã phát hiện ra rằng nguyệt thực tái xuất hiện trong một chu kỳ lặp lại gọi là saros. Ở thế kỷ thứ II trước Công Nguyên, kích thước và khoảng cách của Mặt Trăng được Hipparchus và các nhà thiên văn học Ả Rập sau này ước tính. Thiên hà Andromeda, thiên hà gần nhất với Ngân hà, được nhà thiên văn học người Ba tư Azophi phát hiện năm 964 và lần đầu tiên được miêu tả trong cuốn sách Book of Fixed Stars (Sách về các định tinh) của ông. Sao siêu mới SN 1006, sự kiện sao có độ sáng biểu kiến lớn nhất được ghi lại trong lịch sử, đã được nhà thiên văn học Ai Cập Ả Rập Ali ibn Ridwan và các nhà thiên văn học Trung Quốc quan sát năm 1006.",
vihallu_train_2657,no,intrinsic,no→intrinsic,khac,False,False,False,False,False,False,False,True,0.5506895240223869,0.3222000455050482,0.2284894785173387,0.5506895240223869,0.22082099746027442,7,226,49,0.6122448979591837,unknown,"Nước Pháp trở thành đế quốc lớn thứ hai thế giới vào thế kỷ XX, ngay sau khi giành chiến thắng trong Chiến tranh Trăm Năm và thiết lập nền cộng hòa đầu tiên. Điều này có đúng không?","Nước Pháp trở thành đế quốc lớn thứ hai thế giới vào thế kỷ XX, nhưng điều này không xảy ra ngay sau Chiến tranh Trăm Năm hay việc thiết lập nền cộng hòa đầu tiên mà diễn ra sau thời kỳ Phục Hưng và chủ nghĩa thực dân.","Trong thời đại đồ sắt, Chính quốc Pháp là nơi cư trú của người Gaulois thuộc nhóm Celt. La Mã (Roma) sáp nhập khu vực vào năm 51 TCN, tình trạng này kéo dài cho đến năm 486, khi người Frank thuộc nhóm Germain chinh phục khu vực rồi thành lập Vương quốc Pháp. Pháp nổi lên thành một đại cường tại châu Âu vào hậu kỳ Trung Cổ, giành thắng lợi trong Chiến tranh Trăm Năm (1337-1453) giúp củng cố quốc gia và tập trung hoá chính trị. Trong phong trào Phục Hưng, văn hoá Pháp phát triển, và lập nên một đế quốc thực dân toàn cầu, trở thành đế quốc lớn thứ hai thế giới vào thế kỷ XX. Trong thế kỷ XVI, Pháp bị chi phối bởi các cuộc nội chiến tôn giáo giữa thế lực Công giáo La Mã và Tin Lành (Huguenot). Pháp trở thành thế lực chi phối văn hoá, chính trị và quân sự tại châu Âu dưới thời Louis XIV. Đến cuối thế kỷ XVIII, Cách mạng Pháp lật đổ chế độ quân chủ chuyên chế, lập nên một trong các nền cộng hoà sớm nhất trong lịch sử hiện đại, Tuyên ngôn Nhân quyền và Dân quyền là nền tảng của cuộc cách mạng và biểu thị ý thức hệ của Pháp cho đến ngày nay.",
vihallu_train_2670,no,intrinsic,no→intrinsic,khac,False,False,False,False,False,False,False,True,0.49146873089391147,0.1696119507040924,0.18667448891626956,0.49146873089391147,0.32185678018981906,8,200,43,0.6046511627906976,unknown,"Thái độ của những quý tộc Scotland đối với vua Edward như thế nào trước năm 1304, khi mà họ đều đã từ chối hoàn toàn bất kỳ liên minh nào với người Anh và không có ai từng tuyên bố trung thành với Edward?","Trước năm 1304, mặc dù một số quý tộc Scotland ban đầu chống lại vua Edward, nhiều người trong số họ đã tuyên bố trung thành với ông trước thời điểm đó, như đã thấy qua sự chuyển đổi của Robert the Bruce.","Những người Scots thua trận, bị người Pháp bí mật thúc đẩy, kêu gọi đức Giáo hoàng, xác nhận tuyên bố chúa tể Scotland không dành cho người Anh. Sắc chỉ của Giáo hoàng. gửi cho vua Edward đã bị người đại diện của ông từ chối trong Barons' Letter năm 1301. Người Anh lập kế hoạch khuất phục vương quốc này bằng những cách khác. Tuy nhiên năm 1303, một thỏa thuận hòa bình đạt được giữa Anh và Pháp, cũng chính thức phá vỡ liên minh Pháp-Scotland. Robert the Bruce, cháu nội của người đòi ngôi vua năm 1291, đứng về phía người Anh vào mùa đông những năm 1301–02. Trước 1304, hầu hết các nhà quý tộc Scotland tuyên bố trung thành với Edward, và năm đó người Anh lập kế hoạch chiếm lại Cầu Stirling. Một chiến thắng lớn đã đến năm 1305 khi Wallace bị Sir John de Menteith phản bội và bắt nộp cho người Anh, ông bị dẫn đến London và bị xử tử một cách công khai. Bấy giờ Scotland phần lớn nằm trong tay người Anh, Edward bổ nhiệm người Anh và các cộng tác người Scots cai trị đất nước.",
vihallu_train_5183,no,intrinsic,no→intrinsic,khac,False,False,False,False,False,False,False,True,0.6056766510197559,0.2654970168086655,0.3401796342110904,0.6056766510197559,0.054143714769153736,4,166,11,0.45454545454545453,unknown,"Lực lượng Không đoàn tiêm kích đánh chặn số 4, vốn không tham gia vào các trận không chiến trong suốt năm 1951, có tên tiếng Anh là gì?",The 4th Fighter Interceptor Wing participated in air battles during 1951.,"Vào đầu năm 1951, các chiến tuyến được củng cố và không thay đổi nhiều trong suốt phần còn lại của cuộc chiến. Qua mùa hè và đầu mùa thu năm 1951, các phi cơ Sabre vượt trội về số lượng (ít nhất là 44 chiếc tại một địa điểm) của Không đoàn tiêm kích đánh chặn số 4 (4th Fighter Interceptor Wing) tiếp tục tìm mục tiêu tại Hàng lang MiG gần sông Áp Lục chống lại một vùng không phận địch có đến 500 phi cơ. Jabara, Becker, và Gibson trở thành những phi công Sabre ưu tú. Theo sau thông điệp nổi tiếng của Đại tá Harrison Thyng gởi về Lầu Năm Góc, Không đoàn tiêm kích đánh chặn số 51 đến tiếp viện Không đoàn số 4 đang bị bao vây vào tháng 12 năm 1951. Trong khoảng thời gian một năm rưởi tiếp theo, cả hai không đoàn tiếp tục các trận không chiến tương tự tại vùng Hành lang MiG.",
vihallu_train_5505,no,intrinsic,no→intrinsic,khac,False,False,False,False,False,False,False,True,0.44718418613033306,0.15773655883409166,0.2894476272962414,0.44718418613033306,0.2633681865734256,3,183,49,0.7755102040816326,unknown,"Sự phân chia phái của nền tôn giáo quốc dân Mỹ đã không diễn ra do cuộc cách mạng Mỹ không có bất kỳ ảnh hưởng nào đến tôn giáo hoặc lòng yêu nước của quốc gia này, đúng không?","Cuộc cách mạng Mỹ thực sự đã ảnh hưởng sâu sắc đến tôn giáo quốc dân Mỹ và lòng yêu nước, tạo nên một nền tôn giáo không chia giáo phái, với các biểu tượng và ngày lễ như 4 tháng 7 và các văn kiện như Hiến pháp.","Cách mạng Mỹ là nguồn động lực chính của tôn giáo quốc dân Mỹ không chia giáo phái mà đã tạo hình cho chủ nghĩa yêu nước, ký ức và ý nghĩa ngày sinh của quốc gia kể từ đó. Các trận chiến không phải là trọng tâm nhưng đúng hơn là các sự kiện và con người đã được chào mừng như những biểu tượng của một số đức tin nào đó. Như các sử gia đã ghi nhận, cuộc cách mạng Mỹ đã sản sinh ra một lãnh tụ được ví như là Moses (George Washington), các nhà tiên tri (Thomas Jefferson, Tom Paine) và các thánh tử đạo (Boston Massacre, Nathan Hale) cũng như những ác quỷ (Benedict Arnold), những nơi thiêng liêng (Valley Forge, Bunker Hill), giáo lý (Tiệc trà Boston), biểu trưng (lá cờ mới), ngày lễ thiêng liêng (4 tháng 7) và một cuốn kinh thánh mà mỗi câu được nghiên cứu và áp dụng cẩn thận vào các trường hợp pháp lý hiện thời (bản Tuyên ngôn Độc lập, Hiến pháp và Đạo luật Nhân quyền).",
vihallu_train_5734,no,intrinsic,no→intrinsic,phan_van,False,False,False,False,False,False,True,False,0.4127467298519823,0.08660494233017058,0.2611114826262059,0.4127467298519823,0.3261417875218117,6,123,45,0.6304347826086957,unknown,"Adversarial Question: Đặc điểm của hệ thống chính quyền và hệ thống pháp luật của Malaysia như thế nào, khi mà Malaysia là một quốc gia theo chế độ quân chủ tuyệt đối với quốc vương là nguyên thủ quốc gia có quyền lực tối cao và không thay đổi?","Malaysia thực tế không phải là một chế độ quân chủ tuyệt đối. Quốc vương, Yang di-Pertuan Agong, có vai trò chủ yếu mang tính nghi thức. Quyền lực thực sự nằm trong tay thủ tướng và quốc hội, theo mô hình nghị viện Westminster.","Malaysia là một quốc gia đa dân tộc và đa văn hóa, đặc điểm này đóng một vai trò lớn trong chính trị quốc gia. Hiến pháp tuyên bố Hồi giáo là quốc giáo trong khi bảo vệ quyền tự do tôn giáo. Hệ thống chính quyền của Malaysia có mô hình gần với hệ thống nghị viện Westminster và hệ thống pháp luật dựa trên thông luật. Nguyên thủ quốc gia là quốc vương, được gọi là Yang di-Pertuan Agong. Người này là một quân chủ tuyển cử, được chọn từ các quân chủ kế tập của chín bang Mã Lai theo chế độ quân chủ, thay đổi sau mỗi 5 năm. Người đứng đầu chính phủ liên bang là thủ tướng.",
vihallu_train_5894,no,intrinsic,no→intrinsic,phan_van,False,False,False,False,False,False,True,False,0.3909904459890173,0.04868304513828692,0.34230740085073036,0.3909904459890173,0.26670215316025236,8,327,42,0.8604651162790697,unknown,"Những ảnh hưởng từ dao động triều bán nhật của biển Ðông, thủy triều thâm nhập sâu là gì, và làm thế nào mà sông Sài Gòn, với lưu lượng lên tới 1000 m³/s, có thể giúp giảm thiểu những tác động tiêu cực này?","Dao động triều bán nhật của biển Ðông gây thâm nhập thủy triều sâu, ảnh hưởng tiêu cực đến nông nghiệp và thoát nước tại Thành phố Hồ Chí Minh. Sông Sài Gòn không có lưu lượng 1000 m³/s như đề cập.","Về thủy văn, nằm ở vùng hạ lưu hệ thống sông Ðồng Nai - Sài Gòn, Thành phố Hồ Chí Minh có mạng lưới sông ngòi kênh rạch rất đa dạng. Sông Ðồng Nai Bắt nguồn từ cao nguyên Lâm Viên, hợp lưu bởi nhiều sông khác, có lưu vực lớn, khoảng 45.000 km². Với lưu lượng bình quân 20–500 m³/s, hàng năm cung cấp 15 tỷ m³ nước, sông Đồng Nai trở thành nguồn nước ngọt chính của thành phố. Sông Sài Gòn bắt nguồn từ vùng Hớn Quản, chảy qua Thủ Dầu Một đến Thành phố Hồ Chí Minh, với chiều dài 200 km và chảy dọc trên địa phận thành phố dài 80 km. Sông Sài Gòn có lưu lượng trung bình vào khoảng 54 m³/s, bề rộng tại thành phố khoảng 225 m đến 370 m, độ sâu tới 20 m. Nhờ hệ thống kênh Rạch Chiếc, hai con sông Đồng Nai và Sài Gòn nối thông ở phần nội thành mở rộng. Một con sông nữa của Thành phố Hồ Chí Minh là sông Nhà Bè, hình thành ở nơi hợp lưu hai sông Đồng Nai và Sài Gòn, chảy ra biển Đông bởi hai ngả chính Soài Rạp và Gành Rái. Trong đó, ngả Gành Rái chính là đường thủy chính cho tàu ra vào bến cảng Sài Gòn. Ngoài các con sông chính, Thành phố Hồ Chí Minh còn có một hệ thống kênh rạch chằng chịt: Láng The, Bàu Nông, rạch Tra, Bến Cát, An Hạ, Tham Lương, Cầu Bông, Nhiêu Lộc-Thị Nghè, Bến Nghé, Lò Gốm, Kênh Tẻ, Tàu Hũ, Kênh Ðôi...Hệ thống sông, kênh rạch giúp Thành phố Hồ Chí Minh trong việc tưới tiêu, nhưng do chịu ảnh hưởng dao động triều bán nhật của biển Ðông, thủy triều thâm nhập sâu đã gây nên những tác động xấu tới sản xuất nông nghiệp và hạn chế việc tiêu thoát nước ở khu vực nội thành.",
vihallu_train_6160,no,intrinsic,no→intrinsic,phan_van,False,False,False,False,False,False,True,False,0.5095494789097886,0.08395734633400165,0.425592132575787,0.5095494789097886,0.06485838851442437,4,151,28,0.6333333333333333,unknown,"Với việc Hoa Kỳ không hề sử dụng vũ khí sinh học trong chiến tranh Triều Tiên, bao nhiêu người dân làng Bal-Nam-Ri đã thiệt mạng do dịch hạch?","Không có thông tin trong CONTEXT khẳng định Hoa Kỳ không sử dụng vũ khí sinh học. Trong làng Bal-Nam-Ri, 36 người đã thiệt mạng do dịch hạch.","Tháng 9 năm 1952, Uỷ ban Khoa học Quốc tế về điều tra các sự kiện về chiến tranh vi khuẩn ở Triều Tiên và Trung Quốc (ISC) đã đưa ra một báo cáo cho thấy Mỹ đã tiến hành chiến tranh sinh học trong chiến tranh Triều Tiên. Một báo cáo công bố vào tháng 2 năm 2018 đề cập đến việc Hoa Kỳ đã sử dụng vũ khí sinh học đối với thường dân Triều Tiên. Máy bay Hoa Kỳ đã thả những con bọ chét nhiễm mầm bệnh dịch hạch vào Bắc Triều Tiên vào tháng 2 năm 1952. Kể từ đầu năm 1952, nhiều ổ bệnh dịch hạch đã xuất hiện ở Bắc Triều Tiên. Ví dụ như làng Bal-Nam-Ri bắt đầu xảy ra nạn dịch hạch vào ngày 25/2/1952, trong số 600 người trong làng, 50 người bị bệnh dịch hạch và 36 người đã chết",
vihallu_train_6712,no,intrinsic,no→intrinsic,khac,False,False,False,False,False,False,False,True,0.5147636280313092,0.2044318987991196,0.31033172923218955,0.5147636280313092,0.17490464273650133,12,685,33,0.9090909090909091,unknown,"Adversarial Question: Dù Trần Quang Lộc chủ yếu sáng tác về miền Nam, nhưng ông cũng có một tác phẩm nổi tiếng về cảnh vật, thiên nhiên và con người Hà Nội. Bạn có biết đó là tác phẩm nào không?","Trần Quang Lộc có tác phẩm nổi tiếng về Hà Nội là ""Có phải em mùa thu Hà Nội"", thể hiện vẻ đẹp của thiên nhiên, cảnh vật và con người nơi đây.","Hà Nội là một niềm cảm hứng sáng tác của nhiều nhạc sĩ. Đã có hàng nghìn bài hát viết về Hà Nội trong nhiều đề tài. Trước hết đó là hình ảnh của một Hà Nội với khí thế hào hùng và mạnh mẽ trong vị thế thủ đô trong cuộc đấu tranh vệ quốc. Trong những năm tháng này, Văn Cao đã viết cho Hà Nội một số hành khúc như Thăng Long hành khúc ca, Gò Đống Đa, Tiến về Hà Nội. Khi những người lính thuộc Trung đoàn Thủ Đô phải rời xa Hà Nội, một trong số đó, nhạc sĩ Nguyễn Đình Thi đã viết ca khúc ""Người Hà Nội"", ngày nay đã trở nên quen thuộc. Hình ảnh Hà Nội trong cuộc chiến với thực dân Pháp cũng là đề tài của các tác phẩm như: ""Sẽ về Thủ đô"" của Huy Du, ""Cảm xúc tháng Mười"" của Nguyễn Thành, ""Ba Đình nắng"" của Bùi Công Kỳ. Trong những tháng năm chống Mỹ, Thủ đô anh hùng trong chiến đấu và kiến thiết được khắc họa đâm nét trong các tác phẩm như ""Bài ca Hà Nội"" của Vũ Thanh, ""Hà Nội - Điện Biên Phủ"" của Phạm Tuyên, ""Khi thành phố lên đèn"" của Thái Cơ, ""Tiếng nói Hà Nội"" của Văn An v.v... Bên cạnh đó, Hà Nội hiện lên với dáng vẻ cổ xưa, kiêu kỳ và lãng mạn, với ""ánh đèn giăng mắc"", ""có bóng trăng thơ in trên mặt hồ"", với hình ảnh người con gái ""khăn san bay lả lơi trên vai ai""""áo trắng Trưng Vương, Tây Sơn em tan trường về"" trong những nhạc phẩm mang nhiều tính chất hoài niệm như Hướng về Hà Nội của Hoàng Dương, Nỗi lòng người đi của Anh Bằng, Hà Nội ngày tháng cũ của Song Ngọc hay Gửi người em gái miền Nam của Đoàn Chuẩn. Vẻ đẹp của thiên nhiên, cảnh vật, con người, truyền thống lịch sử và nét thanh lịch độc đáo của Hà Nội được khắc họa đậm nét qua giai điệu của nhiều nhạc sĩ Việt Nam thuộc nhiều thế hệ khác nhau, như Hoàng Hiệp với ""Nhớ về Hà Nội"", Phan Nhân với ""Hà Nội niềm tin và hy vọng"", Hoàng Vân với ""Tình yêu Hà Nội"", Văn Ký với ""Trời Hà Nội xanh"" và ""Hà Nội mùa xuân"", Nguyễn Đức Toàn với ""Hà Nội trái tim hồng"", Trần Hoàn với ""Khúc hát người Hà Nội"", Trịnh Công Sơn với ""Nhớ mùa thu Hà Nội"", Nguyễn Cường với ""Mãi vẫn là tuổi thơ tôi Hà Nội"", Dương Thụ với ""Mong về Hà Nội"", Phú Quang với ""Em ơi, Hà Nội phố"", ""Hà Nội ngày trở về"", ""Im lặng đêm Hà Nội"", Phạm Minh Tuấn với ""Hà Nội ơi thầm hát trong tôi"", Nguyễn Tiến với ""Chiều mưa Hà Nội"", Trần Quang Lộc với ""Có phải em mùa thu Hà Nội"", Trương Quý Hải với ""Hà Nội mùa vắng những con mưa"", Lê Vinh với ""Hà Nội và tôi"", Vũ Quang Trung với ""Chiều Hà Nội"" v.v... Một số địa danh của Hà Nội cũng đi trở thành chủ đề sáng tác trong âm nhạc như ""Một thoáng Tây Hồ"" của Phó Đức Phương, ""Ngẫu hứng sông Hồng"" của Trần Tiến, ""Chiều Hồ Gươm"" của Đặng An Nguyên, ""Truyền thuyết Hồ Gươm"" của Hoàng Phúc Thắng, ""Bên lăng Bác Hồ"" của Dân Huyền v.v... Có một số tác phẩm tuy không nhắc đến địa danh Hà Nội trong tựa đề hoặc trong ca từ nhưng được lấy cảm hứng hoặc viết về chính mảnh đất này như: ""Những ánh sao đêm"" của Phan Huỳnh Điểu, ""Từ một ngã tư đường phố"" của Phạm Tuyên, ""Mùa xuân làng lúa làng hoa"" của Ngọc Khuê, ""Hoa sữa"" của Hồng Đăng, ""Thu quyến rũ"" của Đoàn Chuẩn, ""Phố nghèo"", ""Ngẫu hứng phố"" của Trần Tiến,... Một Hà Nội với ngập tràn các loài hoa đã được nhạc sĩ Giáng Son khắc họa trong ""Hà Nội 12 mùa hoa"" - Đây cũng là một vẻ đẹp rất riêng của thủ đô Hà Nội.",
vihallu_train_6816,no,intrinsic,no→intrinsic,khac,False,False,False,False,False,False,False,True,0.5070788124446018,0.13561041265393858,0.12145278776473493,0.5070788124446018,0.37146839979066326,2,141,48,0.6530612244897959,unknown,"Với việc bức tường Berlin không còn vào ngày 12 tháng 11 năm 1989, điều này có phải là kết quả trực tiếp của việc Tây Đức và Đông Đức đã thống nhất vào tháng 10 năm 1990 mà không có bất kỳ cuộc biểu tình hay di cư nào từ Đông Đức trước đó không?","Với việc bức tường Berlin sụp đổ vào ngày 9-10 tháng 11 năm 1989, sự kiện này không phải là kết quả trực tiếp của việc thống nhất Đức vào tháng 10 năm 1990. Trước đó đã có nhiều cuộc biểu tình và di cư từ Đông Đức.","Bức tường sụp đổ trong đêm thứ Năm ngày 9 tháng 11, rạng sáng ngày thứ Sáu ngày 10 tháng 11 năm 1989, sau hơn 28 năm. Dẫn đến việc mở cửa bức tường về một mặt là các cuộc biểu tình tuần hành rộng lớn và yêu cầu tự do đi lại trong Đông Đức trước kia, về mặt khác là việc ""bỏ trốn Cộng hòa"" (Republikflucht) liên tục của một số lớn người dân từ Đông Đức sang Tây Đức đi vòng qua nước ngoài như Hungary, nước đã mở cửa biên giới với Áo từ ngày 11 tháng 9 hay trực tiếp từ Tiệp Khắc từ đầu tháng 11 hoặc qua các đại sứ quán Đức tại các thủ đô của các quốc gia ở Đông Âu (trong đó là các đại sứ quán tại Praha và Warszawa).",
vihallu_train_976,no,intrinsic,no→intrinsic,phan_van,False,False,False,False,False,False,True,False,0.4724027026025055,0.016956315391394194,0.07215091018638317,0.4724027026025055,0.4554463872111113,5,211,52,0.5384615384615384,unknown,Alf Landon có ủng hộ chương trình New Deal vì nó mang lại lợi ích lớn cho doanh nghiệp không?,"Alf Landon, mặc dù chấp nhận phần lớn chương trình New Deal, đã chỉ trích rằng nó không có lợi cho doanh nghiệp. Ông lo ngại rằng sự can thiệp của chính phủ có thể làm suy yếu thị trường tự do và gây tổn hại cho nền kinh tế dài hạn.","Trong cuộc bầu cử tổng thống năm 1936, Roosevelt vận động tranh cử dựa vào các chương trình New Deal của ông chống lại đối thủ Alf Landon, Thống đốc tiểu bang Kansas, là người chấp nhận phần lớn chương trình New Deal nhưng phản bác rằng nó không có lợi cho doanh nghiệp và quá nhiều lãng phí. Roosevelt và Garner chiến thắng với tỉ lệ 60,8% phiếu bầu phổ thông và chiến thắng gần như ở tất cả các tiểu bang, trừ Maine và Vermont. Các đảng viên Dân chủ cũng thắng lớn, thậm chí trở thành khối đa số lớn hơn tại cả hai viện lập pháp của Quốc hội. Roosevelt được hậu thuẫn bởi một liên minh cử tri gồm các đảng viên Dân chủ truyền thống trên toàn quốc, các nông gia nhỏ, cư dân miền Nam Hoa Kỳ, người công giáo La Mã, các cỗ máy thành phố lớn, các liên đoàn lao động, người Mỹ gốc châu Phi ở miền bắc, người Do Thái, giới trí thức và người theo chủ nghĩa tự do chính trị. Liên minh này thường được gọi là Liên minh New Deal, phần lớn không thay đổi sự hậu thuẫn cho đảng Dân chủ cho đến thập niên 1960.",
